년도,수행부처,사이버과정명
2020,감사교육원,회계관계직원의 책임(기본)[사]
2020,감사교육원,중앙행정기관 및 지방자치단체 자체감사기준 해설(사)
2020,감사교육원,감사실시 및 처리 요령(사)
2020,감사교육원,(직무감찰과정)공직범죄의 주요유형 및 사례
2020,감사교육원,(사)감사결과 보고서의 작성실무
2020,감사교육원,(사) 공공 계약의 이해
2020,감사교육원,(감사실무자과정)감사정보활용 및 직무감찰기법
2020,감사교육원,회계관계직원의 책임(기본)[사]
2020,감사교육원,중앙행정기관 및 지방자치단체 자체감사기준 해설(사)
2020,감사교육원,감사실시 및 처리 요령(사)
2020,감사교육원,(직무감찰과정)공직범죄의 주요유형 및 사례
2020,감사교육원,(사)감사결과 보고서의 작성실무
2020,감사교육원,(사) 공공 계약의 이해
2020,감사교육원,(감사실무자과정)감사정보활용 및 직무감찰기법
2020,고려대학교,2020 세종청사 아카데미 : 사회과학과 공공정책
2020,고려대학교,[대학원] 2020학년도 인권과성평등교육
2020,고려대학교,2020 세종청사 아카데미 : 사회과학과 공공정책
2020,고려대학교,[대학원] 2020학년도 인권과성평등교육
2020,공군본부,공군 아동학대예방 원격교육_25차수
2020,공군본부,공군 아동학대예방 원격교육_24차수
2020,공군본부,공군 아동학대예방 원격교육
2020,공군본부,공군 아동학대예방 원격교육
2020,공군본부,공군 아동학대예방 원격교육_24차수
2020,공군본부,공군 아동학대예방 원격교육_25차수
2020,국가공무원인재개발원,뉴텝스 실전으로 중급 완성하기 (1/2)
2020,국가공무원인재개발원,뉴텝스 실전으로 중급 완성하기 (2/2)
2020,국가공무원인재개발원,레벨업 프랑스어 중급
2020,국가공무원인재개발원,"리더의 스트레스 관리(이동환, 만성피로 스트레스 클리닉 원장)"
2020,국가공무원인재개발원,마음을 읽는 소통형 리더의 기술
2020,국가공무원인재개발원,버전 업! The 바른 인도네시아어 Step1
2020,국가공무원인재개발원,버전업! The 바른 인도네시아어 Step2
2020,국가공무원인재개발원,비즈니스 엑셀 2013 Basic
2020,국가공무원인재개발원,생활 속의 뇌물죄(사)
2020,국가공무원인재개발원,뉴텝스 실전으로 기초 준비하기 (2/2)
2020,국가공무원인재개발원,뉴텝스 실전으로 기초 준비하기 (1/2)
2020,국가공무원인재개발원,눈이 트이는 해커스 IELTS Reading (전반부)
2020,국가공무원인재개발원,김경일 교수와 인지심리학으로 바라보는 현명한 세상
2020,국가공무원인재개발원,귀가 뚫리는 해커스 IELTS Listening (전반부)
2020,국가공무원인재개발원,관리자의 효과적인 성과면담 : 스킬과 사례중심 (홍석환 원장)
2020,국가공무원인재개발원,과장급 표준역량과 역량평가의 이해
2020,국가공무원인재개발원,공직자 안보교육
2020,국가공무원인재개발원,공직가치와 청렴(단국대 교수 김상홍)
2020,국가공무원인재개발원,고위공무원 역량 및 역량개발의 이해
2020,국가공무원인재개발원,[헤일리] No.1 토익스피킹 Lv.7
2020,국가공무원인재개발원,"[오단기 워드 2013] 핵심 꿀팁편_늘 보던 워드, 멋진 날개를 달다!"
2020,국가공무원인재개발원,성인지 교육(여성가족부 여성정책국장 이기순)
2020,국가공무원인재개발원,손에 익히는 해커스 IELTS Writing (Task1)
2020,국가공무원인재개발원,아동학대 신고의무자 교육(공공부문 아동학대예방 사이버교육)
2020,국가공무원인재개발원,"혼탁한 세상의 자상한 길잡이, 주역(성균관대 이기동 교수)"
2020,국가공무원인재개발원,행복한리더를 위한 스트레스 다스리기 (강북삼성병원 신영철)
2020,국가공무원인재개발원,한눈에 파악하는 서양 미술사
2020,국가공무원인재개발원,한국사회의 성별 불평등의 이해
2020,국가공무원인재개발원,"조승연이 들려주는 비즈니스를 위한 세계사 (홍콩, 싱가포르, 상하이 편)"
2020,국가공무원인재개발원,조승연이 들려주는 비즈니스를 위한 세계사 (프랑스 편)
2020,국가공무원인재개발원,조승연이 들려주는 비즈니스를 위한 세계사 (이탈리아 편)
2020,국가공무원인재개발원,조승연이 들려주는 비즈니스를 위한 세계사 (영국 편)
2020,국가공무원인재개발원,조승연이 들려주는 비즈니스를 위한 세계사 (스페인 편)
2020,국가공무원인재개발원,조승연이 들려주는 비즈니스를 위한 세계사 (베트남 편)
2020,국가공무원인재개발원,조승연이 들려주는 비즈니스를 위한 세계사 (미국 편)
2020,국가공무원인재개발원,조승연이 들려주는 비즈니스를 위한 세계사 (독일 편)
2020,국가공무원인재개발원,"조승연이 들려주는 비즈니스를 위한 세계사 (그리스, 터키 편)"
2020,국가공무원인재개발원,정부 규제혁신(나라배움터)
2020,국가공무원인재개발원,적극행정의 이해(나라배움터)
2020,국가공무원인재개발원,장애인 인식개선 교육(인식의 새로고침)
2020,국가공무원인재개발원,입이 열리는 해커스 IELTS Speaking(전반부)
2020,국가공무원인재개발원,입이 열리는 영어 청취
2020,국가공무원인재개발원,"영어로 만나는 세계 명작 - 노인과 바다, 셰익스피어이야기"
2020,국가공무원인재개발원,에피소드 서양 미술사
2020,국가공무원인재개발원,악기로 들려주는 세상이야기(한국예술종합학교 교수 우광혁)
2020,국가공무원인재개발원,"[박혜원] 시간 단축의 끝, 900점 완성 RC"
2020,국가공무원인재개발원,"[박혜원] 시간 단축의 끝, 900점 완성 LC"
2020,국가공무원인재개발원,[850점]토익 Listening Part 3
2020,국가공무원인재개발원,(사)맨투맨 영어 - 기초영어(3/4)
2020,국가공무원인재개발원,(사)맨투맨 영어 - 기초영어 (1/4)
2020,국가공무원인재개발원,(사)맨투맨 영어 - 기본영어 1 (2/2)
2020,국가공무원인재개발원,(사)마이크로러닝
2020,국가공무원인재개발원,(사)리더는 어떻게 협상하는가?
2020,국가공무원인재개발원,(사)디지털 시대의 변화와 정책소통
2020,국가공무원인재개발원,(사)두근두근 태국어 Step2
2020,국가공무원인재개발원,(사)두근두근 나의 첫 태국어
2020,국가공무원인재개발원,(사)나라배움이북
2020,국가공무원인재개발원,(사)계약서 검토와 작성법 실무
2020,국가공무원인재개발원,(사)경계 해체 시대의 사고의 유연성
2020,국가공무원인재개발원,(사)[나말해] 200패턴 영어로 쉽게 말하기[입문편]
2020,국가공무원인재개발원,(사)HRD기본
2020,국가공무원인재개발원,"(사)4차산업혁명시대, 지능적 미래정부 구현을 위한 혁신 전략"
2020,국가공무원인재개발원,(사)4차산업혁명 패러다임 변화에 따른 행정 분야별 영향 및 대응전략
2020,국가공무원인재개발원,(사)4차 산업혁명 시대의 한국경제 미래전략
2020,국가공무원인재개발원,(사) 학습형 SW사업계약 변화에 적응하기
2020,국가공무원인재개발원,(사) 패턴영어회화 SPY 중급 1
2020,국가공무원인재개발원,(사) 진정한 리더는 누구인가
2020,국가공무원인재개발원,(사) 이선욱의 가지치기 영문법(1/2)
2020,국가공무원인재개발원,(사) 성인지교육(여성가족부 여성정책국장 이기순)
2020,국가공무원인재개발원,(사)맨투맨 영어(개정판)-종합영어1 Step1
2020,국가공무원인재개발원,(사)보고서 잘 쓰는 방법
2020,국가공무원인재개발원,(사)설민석의 역사 속 인물열전
2020,국가공무원인재개발원,"[850점]토익 Listening Part 1,2②"
2020,국가공무원인재개발원,"[850점]토익 Listening Part 1,2①"
2020,국가공무원인재개발원,New English 900 회화 잡는 기초 영문법
2020,국가공무원인재개발원,ETS TOEIC 정기시험 기출문제집 LC 핵심이론
2020,국가공무원인재개발원,ETS TOEIC 정기시험 기출문제집 1000 RC
2020,국가공무원인재개발원,ETS TOEIC 정기시험 기출문제집 1000 LC
2020,국가공무원인재개발원,Design&Creativity(디자인과 창의성)
2020,국가공무원인재개발원,4차 산업혁명과 공직사회의 변화
2020,국가공무원인재개발원,2020년 공공부문 아동학대 예방교육
2020,국가공무원인재개발원,2020 적극행정 추진방안
2020,국가공무원인재개발원,2019년 [850점]토익 Reading 문법①STEP2
2020,국가공무원인재개발원,(사)한글 2010
2020,국가공무원인재개발원,(사)한 달 안에 끝내는 해커스 토익 기출 보카(후반부)
2020,국가공무원인재개발원,(사)학습형 공무원을 위한 빅데이터 이해하기
2020,국가공무원인재개발원,(사)적극행정 실천과정
2020,국가공무원인재개발원,(사)이선욱의 가지치기 영문법 (2/2)
2020,국가공무원인재개발원,(사)예산실무
2020,국가공무원인재개발원,(사)역사에서 배우는 공직자의 길
2020,국가공무원인재개발원,(사)어학마이크로러닝
2020,국가공무원인재개발원,(사)안전한 사회를 위한 폭력예방
2020,국가공무원인재개발원,(사)스마트 라이프 따라하기
2020,국가공무원인재개발원,악기로 들려주는 세상이야기(한국예술종합학교 교수 우광혁)
2020,국가공무원인재개발원,아동학대 신고의무자 교육(공공부문 아동학대예방 사이버교육)
2020,국가공무원인재개발원,손에 익히는 해커스 IELTS Writing (Task1)
2020,국가공무원인재개발원,성인지 교육(여성가족부 여성정책국장 이기순)
2020,국가공무원인재개발원,생활 속의 뇌물죄(사)
2020,국가공무원인재개발원,비즈니스 엑셀 2013 Basic
2020,국가공무원인재개발원,버전업! The 바른 인도네시아어 Step2
2020,국가공무원인재개발원,버전 업! The 바른 인도네시아어 Step1
2020,국가공무원인재개발원,마음을 읽는 소통형 리더의 기술
2020,국가공무원인재개발원,"리더의 스트레스 관리(이동환, 만성피로 스트레스 클리닉 원장)"
2020,국가공무원인재개발원,레벨업 프랑스어 중급
2020,국가공무원인재개발원,뉴텝스 실전으로 중급 완성하기 (2/2)
2020,국가공무원인재개발원,뉴텝스 실전으로 중급 완성하기 (1/2)
2020,국가공무원인재개발원,뉴텝스 실전으로 기초 준비하기 (2/2)
2020,국가공무원인재개발원,뉴텝스 실전으로 기초 준비하기 (1/2)
2020,국가공무원인재개발원,눈이 트이는 해커스 IELTS Reading (전반부)
2020,국가공무원인재개발원,김경일 교수와 인지심리학으로 바라보는 현명한 세상
2020,국가공무원인재개발원,에피소드 서양 미술사
2020,국가공무원인재개발원,"영어로 만나는 세계 명작 - 노인과 바다, 셰익스피어이야기"
2020,국가공무원인재개발원,입이 열리는 영어 청취
2020,국가공무원인재개발원,"혼탁한 세상의 자상한 길잡이, 주역(성균관대 이기동 교수)"
2020,국가공무원인재개발원,행복한리더를 위한 스트레스 다스리기 (강북삼성병원 신영철)
2020,국가공무원인재개발원,한눈에 파악하는 서양 미술사
2020,국가공무원인재개발원,한국사회의 성별 불평등의 이해
2020,국가공무원인재개발원,"조승연이 들려주는 비즈니스를 위한 세계사 (홍콩, 싱가포르, 상하이 편)"
2020,국가공무원인재개발원,조승연이 들려주는 비즈니스를 위한 세계사 (프랑스 편)
2020,국가공무원인재개발원,조승연이 들려주는 비즈니스를 위한 세계사 (이탈리아 편)
2020,국가공무원인재개발원,조승연이 들려주는 비즈니스를 위한 세계사 (영국 편)
2020,국가공무원인재개발원,조승연이 들려주는 비즈니스를 위한 세계사 (스페인 편)
2020,국가공무원인재개발원,조승연이 들려주는 비즈니스를 위한 세계사 (베트남 편)
2020,국가공무원인재개발원,조승연이 들려주는 비즈니스를 위한 세계사 (미국 편)
2020,국가공무원인재개발원,조승연이 들려주는 비즈니스를 위한 세계사 (독일 편)
2020,국가공무원인재개발원,"조승연이 들려주는 비즈니스를 위한 세계사 (그리스, 터키 편)"
2020,국가공무원인재개발원,정부 규제혁신(나라배움터)
2020,국가공무원인재개발원,적극행정의 이해(나라배움터)
2020,국가공무원인재개발원,장애인 인식개선 교육(인식의 새로고침)
2020,국가공무원인재개발원,입이 열리는 해커스 IELTS Speaking(전반부)
2020,국가공무원인재개발원,귀가 뚫리는 해커스 IELTS Listening (전반부)
2020,국가공무원인재개발원,관리자의 효과적인 성과면담 : 스킬과 사례중심 (홍석환 원장)
2020,국가공무원인재개발원,(사)한글 2010
2020,국가공무원인재개발원,(사)한 달 안에 끝내는 해커스 토익 기출 보카(후반부)
2020,국가공무원인재개발원,(사)학습형 공무원을 위한 빅데이터 이해하기
2020,국가공무원인재개발원,(사)적극행정 실천과정
2020,국가공무원인재개발원,(사)이선욱의 가지치기 영문법 (2/2)
2020,국가공무원인재개발원,(사)예산실무
2020,국가공무원인재개발원,(사)역사에서 배우는 공직자의 길
2020,국가공무원인재개발원,(사)어학마이크로러닝
2020,국가공무원인재개발원,(사)안전한 사회를 위한 폭력예방
2020,국가공무원인재개발원,(사)스마트 라이프 따라하기
2020,국가공무원인재개발원,(사)설민석의 역사 속 인물열전
2020,국가공무원인재개발원,(사)보고서 잘 쓰는 방법
2020,국가공무원인재개발원,(사)맨투맨 영어(개정판)-종합영어1 Step1
2020,국가공무원인재개발원,(사)맨투맨 영어 - 기초영어(3/4)
2020,국가공무원인재개발원,(사)맨투맨 영어 - 기초영어 (1/4)
2020,국가공무원인재개발원,(사)맨투맨 영어 - 기본영어 1 (2/2)
2020,국가공무원인재개발원,(사)마이크로러닝
2020,국가공무원인재개발원,2019년 [850점]토익 Reading 문법①STEP2
2020,국가공무원인재개발원,2020 적극행정 추진방안
2020,국가공무원인재개발원,2020년 공공부문 아동학대 예방교육
2020,국가공무원인재개발원,과장급 표준역량과 역량평가의 이해
2020,국가공무원인재개발원,공직자 안보교육
2020,국가공무원인재개발원,공직가치와 청렴(단국대 교수 김상홍)
2020,국가공무원인재개발원,고위공무원 역량 및 역량개발의 이해
2020,국가공무원인재개발원,[헤일리] No.1 토익스피킹 Lv.7
2020,국가공무원인재개발원,"[오단기 워드 2013] 핵심 꿀팁편_늘 보던 워드, 멋진 날개를 달다!"
2020,국가공무원인재개발원,"[박혜원] 시간 단축의 끝, 900점 완성 RC"
2020,국가공무원인재개발원,"[박혜원] 시간 단축의 끝, 900점 완성 LC"
2020,국가공무원인재개발원,[850점]토익 Listening Part 3
2020,국가공무원인재개발원,"[850점]토익 Listening Part 1,2②"
2020,국가공무원인재개발원,"[850점]토익 Listening Part 1,2①"
2020,국가공무원인재개발원,New English 900 회화 잡는 기초 영문법
2020,국가공무원인재개발원,ETS TOEIC 정기시험 기출문제집 LC 핵심이론
2020,국가공무원인재개발원,ETS TOEIC 정기시험 기출문제집 1000 RC
2020,국가공무원인재개발원,ETS TOEIC 정기시험 기출문제집 1000 LC
2020,국가공무원인재개발원,Design&Creativity(디자인과 창의성)
2020,국가공무원인재개발원,4차 산업혁명과 공직사회의 변화
2020,국가공무원인재개발원,(사)리더는 어떻게 협상하는가?
2020,국가공무원인재개발원,(사)두근두근 태국어 Step2
2020,국가공무원인재개발원,(사)두근두근 나의 첫 태국어
2020,국가공무원인재개발원,(사)나라배움이북
2020,국가공무원인재개발원,(사)계약서 검토와 작성법 실무
2020,국가공무원인재개발원,(사)경계 해체 시대의 사고의 유연성
2020,국가공무원인재개발원,(사)[나말해] 200패턴 영어로 쉽게 말하기[입문편]
2020,국가공무원인재개발원,(사)HRD기본
2020,국가공무원인재개발원,"(사)4차산업혁명시대, 지능적 미래정부 구현을 위한 혁신 전략"
2020,국가공무원인재개발원,(사)4차산업혁명 패러다임 변화에 따른 행정 분야별 영향 및 대응전략
2020,국가공무원인재개발원,(사)4차 산업혁명 시대의 한국경제 미래전략
2020,국가공무원인재개발원,(사) 학습형 SW사업계약 변화에 적응하기
2020,국가공무원인재개발원,(사) 패턴영어회화 SPY 중급 1
2020,국가공무원인재개발원,(사) 진정한 리더는 누구인가
2020,국가공무원인재개발원,(사) 이선욱의 가지치기 영문법(1/2)
2020,국가공무원인재개발원,(사) 성인지교육(여성가족부 여성정책국장 이기순)
2020,국가공무원인재개발원,(사)디지털 시대의 변화와 정책소통
2020,국내위탁교육기관,(사) 공문서의 달인에게 배우는 한 번에 결재 받는 보고서
2020,국내위탁교육기관,(사) 공문서의 달인에게 배우는 한 번에 결재 받는 보고서
2020,국제경제정보센터,원가분석사 2차
2020,국제경제정보센터,원가분석사 1차
2020,국제경제정보센터,원가분석사 1차
2020,국제경제정보센터,원가분석사 2차
2020,기타위탁기관,(사)보람찬 인생설계 교육
2020,기타위탁기관,(사)Coaching for you
2020,기타위탁기관,(사)SW역량 강화를 위한 프로그래밍 기초 실무
2020,기타위탁기관,(사)공직사회 4차산업혁명 DNA를 깨워라
2020,기타위탁기관,(사)글로벌 역량 강화를 위한 경제동향 이해
2020,기타위탁기관,(사)미래사회의 AI.빅데이터 활용전략
2020,기타위탁기관,(사)스마트 RC카 제작을 통해 배우는 소프트웨어적 사고와 문제해결
2020,기타위탁기관,(사)Coaching for you
2020,기타위탁기관,(사)SW역량 강화를 위한 프로그래밍 기초 실무
2020,기타위탁기관,(사)공직사회 4차산업혁명 DNA를 깨워라
2020,기타위탁기관,(사)글로벌 역량 강화를 위한 경제동향 이해
2020,기타위탁기관,(사)미래사회의 AI.빅데이터 활용전략
2020,기타위탁기관,(사)보람찬 인생설계 교육
2020,기타위탁기관,(사)스마트 RC카 제작을 통해 배우는 소프트웨어적 사고와 문제해결
2020,방위사업청,안전한 사회를 위한 폭력 예방
2020,방위사업청,안보이해
2020,방위사업청,아동학대 예방교육
2020,방위사업청,실무행정법
2020,방위사업청,실무예제로 배우는 프레젠테이션 고급 (파워포인트 2010)
2020,방위사업청,실무예제로 배우는 표계산 고급 (엑셀 2010)
2020,방위사업청,실무예제로 배우는 이미지편집 고급 (포토샵 CS5)
2020,방위사업청,실무예제로 배우는 문서편집 고급 (한글 2007)
2020,방위사업청,신개념기술시범 사업절차 이해 (2018년)_30차수
2020,방위사업청,신개념기술시범 사업절차 이해 (2018년)
2020,방위사업청,시험평가일반
2020,방위사업청,시험평가의 이해 (2011년)
2020,방위사업청,시장경제 바로알기
2020,방위사업청,시설사업기본계획수립
2020,방위사업청,소통이 강한 조직 만들기
2020,방위사업청,소요기획체계 (2008년)
2020,방위사업청,알기쉬운 방산원가 및 계약제도 (2010년)
2020,방위사업청,업무의정석-사람을 통해 업무장악하라
2020,방위사업청,인터넷활용(1962)
2020,방위사업청,이순신 장군의 청렴리더십
2020,방위사업청,응급처치법(심폐소생술)
2020,방위사업청,유비쿼터스의 이해
2020,방위사업청,위험관리 (2016년)_30차수
2020,방위사업청,위험관리 (2016년)
2020,방위사업청,웹접근성 이해
2020,방위사업청,원가분석사 1차_2차수
2020,방위사업청,우리나라 예산제도와 국방예산 (2008년)
2020,방위사업청,온라인 방위산업기술보호 교육
2020,방위사업청,온-나라시스템 이론과 실무
2020,방위사업청,연구개발사업 규격화 업무 (2013년)_30차수
2020,방위사업청,연구개발사업 규격화 업무 (2013년)
2020,방위사업청,연구개발 정책 (2012년)
2020,방위사업청,역사에서 배우는 공직자의 길
2020,방위사업청,역량개발기초교육
2020,방위사업청,세종대왕 리더십
2020,방위사업청,세상을 바꾼 천재들의 경영
2020,방위사업청,"세상을 바꾸는 힘, 공익신고"
2020,방위사업청,사기의 인간경영
2020,방위사업청,비즈니스 협상기법
2020,방위사업청,비정상의 정상화
2020,방위사업청,비용분석/EVMS (2008년)
2020,방위사업청,비상시 행동요령
2020,방위사업청,비상대비업무의 이해
2020,방위사업청,분석평가의 이해 (2011년)
2020,방위사업청,분석평가와 관련 법령
2020,방위사업청,분석평가방법론 (2010년)_30차수
2020,방위사업청,분석평가방법론
2020,방위사업청,분석평가 (2008년)_30차수
2020,방위사업청,분석평가 (2008년)
2020,방위사업청,분산 시뮬레이션 아키텍쳐_30차수
2020,방위사업청,분산 시뮬레이션 아키텍쳐
2020,방위사업청,부패상황 자각하기
2020,방위사업청,부대조달 정보체계 과정
2020,방위사업청,사례로 배우는 부패영향평가
2020,방위사업청,사례와 유형으로 공공갈등 관리하기
2020,방위사업청,성희롱 당신의 직장은 안전합니까?
2020,방위사업청,성과중심 인사관리
2020,방위사업청,성과를 만드는 조직 커뮤니케이션
2020,방위사업청,성과관리(EVM) 실무 (2016년)_30차수
2020,방위사업청,성과관리(EVM) 실무 (2016년)
2020,방위사업청,성공하는 직장인의 대화법
2020,방위사업청,성공하는 비즈니스 커뮤니케이션
2020,방위사업청,성공조건으로서의 청렴
2020,방위사업청,상표등록 왜 필요한가?
2020,방위사업청,상업구매 관리 (2012년)
2020,방위사업청,사후분석 절차/사례
2020,방위사업청,사이버청렴교육
2020,방위사업청,사업착수이전단계 업무
2020,방위사업청,사업성과관리(EVM) 이해 (2014년)_30차수
2020,방위사업청,사업성과관리(EVM) 이해 (2014년)
2020,방위사업청,사업관리의 이해 (2011년)
2020,방위사업청,자체 수준측정 업무수행 절차 (2015년)
2020,방위사업청,자체 수준측정 업무수행 절차 (2015년)_30차수
2020,방위사업청,프로젝트 일정관리
2020,방위사업청,프로젝트 인적자원관리
2020,방위사업청,프로젝트 의사소통관리
2020,방위사업청,프로젝트 범위관리
2020,방위사업청,프로젝트 관리 지식체계 소개
2020,방위사업청,품질관리 (2008년)_30차수
2020,방위사업청,품질관리 (2008년)
2020,방위사업청,표준특허 이론과 사례
2020,방위사업청,표준특허 심화
2020,방위사업청,평가자를 위한 성과평가 가이드
2020,방위사업청,판례와 사례로 다가가는 헌법
2020,방위사업청,통합사업관리정보체계 사용자 교육(2014년)
2020,방위사업청,토론의 이해
2020,방위사업청,최고의 만족을 이끌어내는 win-win비즈니스 협상전략
2020,방위사업청,체계공학 SE 이해 (2014년)_30차수
2020,방위사업청,체계공학 SE 이해 (2014년)
2020,방위사업청,프로젝트 통합관리
2020,방위사업청,프로젝트 품질관리
2020,방위사업청,想像경영을 위한 Futuring 기법
2020,방위사업청,효율적 사업관리 방안 (2008년)
2020,방위사업청,효과적인갈등관리
2020,방위사업청,획득정책 및 제도 (2008년)
2020,방위사업청,획득단계-연구개발 시험평가
2020,방위사업청,획득단계-기타시험평가
2020,방위사업청,획득관리와 체계공학
2020,방위사업청,회계실무
2020,방위사업청,홍보업무의 이론과 실제(재개발)
2020,방위사업청,협상기법
2020,방위사업청,협상ㆍ중재를 통한 갈등관리
2020,방위사업청,헌법정신에 기반한 공직윤리와 가치
2020,방위사업청,해외 특허 출원시 유의사항
2020,방위사업청,한글2007
2020,방위사업청,피터드러커의 실천하는 경영자
2020,방위사업청,프로젝트관리 개요
2020,방위사업청,청탁금지법의 이해
2020,방위사업청,"청렴, 미래를 위한 약속_30차수"
2020,방위사업청,"청렴, 미래를 위한 약속"
2020,방위사업청,정보처리기술사(상)
2020,방위사업청,정보시스템 보안관리
2020,방위사업청,정보보안
2020,방위사업청,정보기술아키텍처(EA) 이해
2020,방위사업청,정보공개제도의 이해
2020,방위사업청,절충교역 (2008년)
2020,방위사업청,전장변화와 전력소요기획
2020,방위사업청,전장관리정보체계 (2010년)_30차수
2020,방위사업청,전장관리정보체계 (2010년)
2020,방위사업청,전력발전업무 (2018년)
2020,방위사업청,적극행정의 이해
2020,방위사업청,적극행정 초빙교육(기본 및 심화)
2020,방위사업청,저작권의 이해
2020,방위사업청,장애인차별예방교육
2020,방위사업청,장애인차별금지법의 이해
2020,방위사업청,장애인식개선교육인식의 새로고침
2020,방위사업청,정보처리기술사(하)
2020,방위사업청,정부계약 개요 (2012)
2020,방위사업청,청BSC 성과관리체계 (2009년)
2020,방위사업청,청 정보화 소개 (2013년)_30차수
2020,방위사업청,청 정보화 소개
2020,방위사업청,"창의와 혁신의 핵심전략, 성공기획력"
2020,방위사업청,직무발명 이것만 알고하자
2020,방위사업청,지출관리 (2012년)_30차수
2020,방위사업청,지출관리 (2012년)
2020,방위사업청,지식재산경영과 특허전략
2020,방위사업청,지구온난화와 기후변화 대응
2020,방위사업청,종합군수지원
2020,방위사업청,조달계획 예산관리 (2012년)
2020,방위사업청,제안요청서 작성 및 제안서 평가 (2011년)
2020,방위사업청,정부조달협정 (2015년)_30차수
2020,방위사업청,정부조달협정 (2015년)
2020,방위사업청,정부계약제도
2020,방위사업청,정부계약 개요 (2012)_30차수
2020,방위사업청,부대조달 정보체계 (2008년)
2020,방위사업청,보안교육 (2008년)
2020,방위사업청,보안교육
2020,방위사업청,공공 통일교육과정
2020,방위사업청,고충민원대응기법 및 사례분석
2020,방위사업청,고전에서 배우는 경영철학
2020,방위사업청,개정 미국특허법 완전정복
2020,방위사업청,개인정보보호법 이해하기
2020,방위사업청,개인정보보호
2020,방위사업청,개인정보 안전성 확보조치
2020,방위사업청,개인정보 보호와 정보보안
2020,방위사업청,개설테스트
2020,방위사업청,갑질 근절 교육
2020,방위사업청,감사 (2015년)_30차수
2020,방위사업청,감사 (2015년)
2020,방위사업청,UCC동영상 제작
2020,방위사업청,TRIZ 를 활용한 기술혁신
2020,방위사업청,SBA_30차수
2020,방위사업청,SBA
2020,방위사업청,공무원 실용정보화 일반
2020,방위사업청,공직가치
2020,방위사업청,국제계약 개요
2020,방위사업청,"국방표준종합정보시스템(KDSIS,규격)"
2020,방위사업청,국방중기계획 및 예산편성절차 (2010년)
2020,방위사업청,국방목록업무 (2016년)_30차수
2020,방위사업청,국방목록업무 (2016년)
2020,방위사업청,국방기획관리 (2008년)_30차수
2020,방위사업청,국방기획관리 (2008년)
2020,방위사업청,국방과학기술정책과 기획 (2008년)_30차수
2020,방위사업청,국방과학기술정책과 기획 (2008년)
2020,방위사업청,국방과학기술정책/실행계획
2020,방위사업청,국방계약 원가관리 (2011년)
2020,방위사업청,국내조달 관리 (2012년)_30차수
2020,방위사업청,국내조달 관리 (2012년)
2020,방위사업청,국내계약 업무 (2011년)
2020,방위사업청,국가회계원리
2020,방위사업청,국가계약법 (2011년)
2020,방위사업청,RAM 제도 업무 소개 (2014년)_30차수
2020,방위사업청,RAM 제도 업무 소개 (2014년)
2020,방위사업청,New 컨설턴트처럼 일하는 방식을 혁신하라
2020,방위사업청,ILS관리 (2008년)
2020,방위사업청,FMS구매 관리 (2012년)_30차수
2020,방위사업청,FMS구매 관리 (2012년)
2020,방위사업청,FMS가격구성 및 대금지불 (2010년)
2020,방위사업청,EVMS 소개 (2011년)_30차수
2020,방위사업청,EVMS 소개 (2011년)
2020,방위사업청,4대폭력 예방교육 (2018년)
2020,방위사업청,20년 외국어교실 1기
2020,방위사업청,"2020년 하반기 성희롱, 가정폭력 예방교육(집합대체)"
2020,방위사업청,2020 적극행정 추진방안
2020,방위사업청,2007 창의력
2020,방위사업청,2007 기획력
2020,방위사업청,"100명의 머리를 이기는 연금술, 전략적 사고"
2020,방위사업청,(사)한국정치와 방위사업
2020,방위사업청,(사)공공재정환수법
2020,방위사업청,(사)2020년 상반기 성폭력.성매매 예방교육
2020,방위사업청,IP Xpeidte-글로벌  IP 정보활용과정
2020,방위사업청,IT거버넌스
2020,방위사업청,M&S 체계 사업관리_30차수
2020,방위사업청,M&S 체계 사업관리
2020,방위사업청,M&S 기초_30차수
2020,방위사업청,M&S 기초
2020,방위사업청,M&S 기술 총론(초급)
2020,방위사업청,M&S 기술 총론(중급)
2020,방위사업청,M&S 기반 연구개발_30차수
2020,방위사업청,M&S 기반 연구개발
2020,방위사업청,M&S 기반 시험평가_30차수
2020,방위사업청,M&S 기반 시험평가
2020,방위사업청,M&S 기반 소요개발_30차수
2020,방위사업청,M&S 기반 소요개발
2020,방위사업청,M&S 기반 교육훈련_30차수
2020,방위사업청,M&S 기반 교육훈련
2020,방위사업청,M&S VV&A_30차수
2020,방위사업청,M&S VV&A
2020,방위사업청,국제계약 표준조건 해설
2020,방위사업청,국제계약절차 (2008년)
2020,방위사업청,방위사업 계약특례 (2015년)_30차수
2020,방위사업청,방위사업 계약특례 (2015년)
2020,방위사업청,방위사업 개요 (2011년)
2020,방위사업청,방산제비율 (2016년)_30차수
2020,방위사업청,방산제비율 (2016년)
2020,방위사업청,방산원가 대상물자의 원가계산 (2015년)_30차수
2020,방위사업청,방산원가 대상물자의 원가계산 (2015년)
2020,방위사업청,방산수출입통제 제도의 이해 (2014년)_30차수
2020,방위사업청,방산수출입통제 제도의 이해 (2014년)
2020,방위사업청,방산수출 정책 및 제도 (2013년)
2020,방위사업청,방산기술보호정책 (2014년)
2020,방위사업청,방산기술보호 및 관리 (2014년)_30차수
2020,방위사업청,방산기술보호 및 관리 (2014년)
2020,방위사업청,방산경제 조명 (2012년)
2020,방위사업청,발표 잘하는 방법
2020,방위사업청,발명신고서 작성과 명세서 검토
2020,방위사업청,방위사업 관련 판례 해석 사례 및 법무 질의 답변사례 (2011년)
2020,방위사업청,방위사업 관리체계 및 절차 (2008년)
2020,방위사업청,보고서 잘쓰는 방법
2020,방위사업청,변혁적리더십
2020,방위사업청,법제실무
2020,방위사업청,배려(마음을 움직이는 힘)
2020,방위사업청,방위살림꾼 기초지식 (2008년)_30차수
2020,방위사업청,방위살림꾼 기초지식 (2008년)
2020,방위사업청,방위산업정책 (2008년)_30차수
2020,방위사업청,방위산업정책 (2008년)
2020,방위사업청,방위산업기술보호법의 이해 (2016년)
2020,방위사업청,방위사업청 성과관리와 평가제도 (2016년)_30차수
2020,방위사업청,방위사업청 성과관리와 평가제도 (2016년)
2020,방위사업청,방위사업법령/규정
2020,방위사업청,방위사업법 (2011)
2020,방위사업청,방위사업 혁신 종합계획
2020,방위사업청,방위사업 정책 (2012년)
2020,방위사업청,방위사업 관리체계 및 절차 (2008년)_30차수
2020,방위사업청,민원실무
2020,방위사업청,민법기초
2020,방위사업청,미래예측
2020,방위사업청,독립운동가를 통해 본 나라사랑과 국가
2020,방위사업청,데이터베이스 실무
2020,방위사업청,네트워크관리(1954)
2020,방위사업청,나토목록체계 (2016년)
2020,방위사업청,나안전과 함께하는 홈페이지 LOCK & 樂
2020,방위사업청,김책임과 함께하는 개인정보보호 따라하기
2020,방위사업청,기술관리의 이해 (2011년)
2020,방위사업청,기본원가 이론 및 산정방법 (2011년)
2020,방위사업청,기록관리
2020,방위사업청,규제개혁
2020,방위사업청,규격관리 (2012)_30차수
2020,방위사업청,규격관리 (2012)
2020,방위사업청,굿타이밍<의사결정 성공법칙 1:10:100>
2020,방위사업청,국제운송업무 및 보험 (2015년)
2020,방위사업청,국제수출통제체제 및 방산수출입 관리제도 (2010년)
2020,방위사업청,국제계약절차 (2008년)_30차수
2020,방위사업청,디자인보호법
2020,방위사업청,목표가 산정 및 활용 (2010년)
2020,방위사업청,문재인정부 국정철학과 국정과제
2020,방위사업청,무역실무 (2011년)_30차수
2020,방위사업청,무역실무 (2011년)
2020,방위사업청,무기체계 주파수 획득절차 (2015년)_30차수
2020,방위사업청,무기체계 주파수 획득절차 (2015년)
2020,방위사업청,무기체계 유형별 시험평가
2020,방위사업청,무기체계 연구개발 사업관리절차 (2016년)_30차수
2020,방위사업청,무기체계 연구개발 사업관리절차 (2016년)
2020,방위사업청,무기체계 시험평가 (2015년)
2020,방위사업청,무기체계 상호운용성 정책 (2015년)_30차수
2020,방위사업청,무기체계 상호운용성 정책 (2015년)
2020,방위사업청,무기체계 내장형SW 개발관리
2020,방위사업청,무기체계 구매사업 (2015년)
2020,방위사업청,무기체계 개요 (2011)
2020,방위사업청,무기체계 SW정책 (2015년)_30차수
2020,방위사업청,무기체계 SW정책 (2015년)
2020,방위사업청,실무예제로 배우는 문서편집 고급 (한글 2007)
2020,방위사업청,실무예제로 배우는 이미지편집 고급 (포토샵 CS5)
2020,방위사업청,실무예제로 배우는 표계산 고급 (엑셀 2010)
2020,방위사업청,실무예제로 배우는 프레젠테이션 고급 (파워포인트 2010)
2020,방위사업청,실무행정법
2020,방위사업청,아동학대 예방교육
2020,방위사업청,안보이해
2020,방위사업청,알기쉬운 방산원가 및 계약제도 (2010년)
2020,방위사업청,신개념기술시범 사업절차 이해 (2018년)_30차수
2020,방위사업청,신개념기술시범 사업절차 이해 (2018년)
2020,방위사업청,시험평가일반
2020,방위사업청,시험평가의 이해 (2011년)
2020,방위사업청,시장경제 바로알기
2020,방위사업청,시설사업기본계획수립
2020,방위사업청,소통이 강한 조직 만들기
2020,방위사업청,소요기획체계 (2008년)
2020,방위사업청,세종대왕 리더십
2020,방위사업청,안전한 사회를 위한 폭력 예방
2020,방위사업청,업무의정석-사람을 통해 업무장악하라
2020,방위사업청,인터넷활용(1962)
2020,방위사업청,이순신 장군의 청렴리더십
2020,방위사업청,응급처치법(심폐소생술)
2020,방위사업청,유비쿼터스의 이해
2020,방위사업청,위험관리 (2016년)_30차수
2020,방위사업청,위험관리 (2016년)
2020,방위사업청,웹접근성 이해
2020,방위사업청,원가분석사 1차_2차수
2020,방위사업청,우리나라 예산제도와 국방예산 (2008년)
2020,방위사업청,온라인 방위산업기술보호 교육
2020,방위사업청,온-나라시스템 이론과 실무
2020,방위사업청,연구개발사업 규격화 업무 (2013년)_30차수
2020,방위사업청,연구개발사업 규격화 업무 (2013년)
2020,방위사업청,연구개발 정책 (2012년)
2020,방위사업청,역사에서 배우는 공직자의 길
2020,방위사업청,역량개발기초교육
2020,방위사업청,세상을 바꾼 천재들의 경영
2020,방위사업청,"세상을 바꾸는 힘, 공익신고"
2020,방위사업청,성희롱 당신의 직장은 안전합니까?
2020,방위사업청,비즈니스 협상기법
2020,방위사업청,비정상의 정상화
2020,방위사업청,비용분석/EVMS (2008년)
2020,방위사업청,비상시 행동요령
2020,방위사업청,비상대비업무의 이해
2020,방위사업청,분석평가의 이해 (2011년)
2020,방위사업청,분석평가와 관련 법령
2020,방위사업청,분석평가방법론 (2010년)_30차수
2020,방위사업청,분석평가방법론
2020,방위사업청,분석평가 (2008년)_30차수
2020,방위사업청,분석평가 (2008년)
2020,방위사업청,분산 시뮬레이션 아키텍쳐_30차수
2020,방위사업청,분산 시뮬레이션 아키텍쳐
2020,방위사업청,부패상황 자각하기
2020,방위사업청,부대조달 정보체계 과정
2020,방위사업청,부대조달 정보체계 (2008년)
2020,방위사업청,사기의 인간경영
2020,방위사업청,사례로 배우는 부패영향평가
2020,방위사업청,성과중심 인사관리
2020,방위사업청,성과를 만드는 조직 커뮤니케이션
2020,방위사업청,성과관리(EVM) 실무 (2016년)_30차수
2020,방위사업청,성과관리(EVM) 실무 (2016년)
2020,방위사업청,성공하는 직장인의 대화법
2020,방위사업청,성공하는 비즈니스 커뮤니케이션
2020,방위사업청,성공조건으로서의 청렴
2020,방위사업청,상표등록 왜 필요한가?
2020,방위사업청,상업구매 관리 (2012년)
2020,방위사업청,사후분석 절차/사례
2020,방위사업청,사이버청렴교육
2020,방위사업청,사업착수이전단계 업무
2020,방위사업청,사업성과관리(EVM) 이해 (2014년)_30차수
2020,방위사업청,사업성과관리(EVM) 이해 (2014년)
2020,방위사업청,사업관리의 이해 (2011년)
2020,방위사업청,사례와 유형으로 공공갈등 관리하기
2020,방위사업청,자체 수준측정 업무수행 절차 (2015년)
2020,방위사업청,자체 수준측정 업무수행 절차 (2015년)_30차수
2020,방위사업청,프로젝트 일정관리
2020,방위사업청,프로젝트 인적자원관리
2020,방위사업청,프로젝트 의사소통관리
2020,방위사업청,프로젝트 범위관리
2020,방위사업청,프로젝트 관리 지식체계 소개
2020,방위사업청,품질관리 (2008년)_30차수
2020,방위사업청,품질관리 (2008년)
2020,방위사업청,표준특허 이론과 사례
2020,방위사업청,표준특허 심화
2020,방위사업청,평가자를 위한 성과평가 가이드
2020,방위사업청,판례와 사례로 다가가는 헌법
2020,방위사업청,통합사업관리정보체계 사용자 교육(2014년)
2020,방위사업청,토론의 이해
2020,방위사업청,최고의 만족을 이끌어내는 win-win비즈니스 협상전략
2020,방위사업청,체계공학 SE 이해 (2014년)_30차수
2020,방위사업청,체계공학 SE 이해 (2014년)
2020,방위사업청,프로젝트 통합관리
2020,방위사업청,프로젝트 품질관리
2020,방위사업청,想像경영을 위한 Futuring 기법
2020,방위사업청,효율적 사업관리 방안 (2008년)
2020,방위사업청,효과적인갈등관리
2020,방위사업청,획득정책 및 제도 (2008년)
2020,방위사업청,획득단계-연구개발 시험평가
2020,방위사업청,획득단계-기타시험평가
2020,방위사업청,획득관리와 체계공학
2020,방위사업청,회계실무
2020,방위사업청,홍보업무의 이론과 실제(재개발)
2020,방위사업청,협상기법
2020,방위사업청,협상ㆍ중재를 통한 갈등관리
2020,방위사업청,헌법정신에 기반한 공직윤리와 가치
2020,방위사업청,해외 특허 출원시 유의사항
2020,방위사업청,한글2007
2020,방위사업청,피터드러커의 실천하는 경영자
2020,방위사업청,프로젝트관리 개요
2020,방위사업청,청탁금지법의 이해
2020,방위사업청,"청렴, 미래를 위한 약속_30차수"
2020,방위사업청,"청렴, 미래를 위한 약속"
2020,방위사업청,정보처리기술사(상)
2020,방위사업청,정보시스템 보안관리
2020,방위사업청,정보보안
2020,방위사업청,정보기술아키텍처(EA) 이해
2020,방위사업청,정보공개제도의 이해
2020,방위사업청,절충교역 (2008년)
2020,방위사업청,전장변화와 전력소요기획
2020,방위사업청,전장관리정보체계 (2010년)_30차수
2020,방위사업청,전장관리정보체계 (2010년)
2020,방위사업청,전력발전업무 (2018년)
2020,방위사업청,적극행정의 이해
2020,방위사업청,적극행정 초빙교육(기본 및 심화)
2020,방위사업청,저작권의 이해
2020,방위사업청,장애인차별예방교육
2020,방위사업청,장애인차별금지법의 이해
2020,방위사업청,장애인식개선교육인식의 새로고침
2020,방위사업청,정보처리기술사(하)
2020,방위사업청,정부계약 개요 (2012)
2020,방위사업청,청BSC 성과관리체계 (2009년)
2020,방위사업청,청 정보화 소개 (2013년)_30차수
2020,방위사업청,청 정보화 소개
2020,방위사업청,"창의와 혁신의 핵심전략, 성공기획력"
2020,방위사업청,직무발명 이것만 알고하자
2020,방위사업청,지출관리 (2012년)_30차수
2020,방위사업청,지출관리 (2012년)
2020,방위사업청,지식재산경영과 특허전략
2020,방위사업청,지구온난화와 기후변화 대응
2020,방위사업청,종합군수지원
2020,방위사업청,조달계획 예산관리 (2012년)
2020,방위사업청,제안요청서 작성 및 제안서 평가 (2011년)
2020,방위사업청,정부조달협정 (2015년)_30차수
2020,방위사업청,정부조달협정 (2015년)
2020,방위사업청,정부계약제도
2020,방위사업청,정부계약 개요 (2012)_30차수
2020,방위사업청,보안교육 (2008년)
2020,방위사업청,보안교육
2020,방위사업청,공공 통일교육과정
2020,방위사업청,고충민원대응기법 및 사례분석
2020,방위사업청,고전에서 배우는 경영철학
2020,방위사업청,개정 미국특허법 완전정복
2020,방위사업청,개인정보보호법 이해하기
2020,방위사업청,개인정보보호
2020,방위사업청,개인정보 안전성 확보조치
2020,방위사업청,개인정보 보호와 정보보안
2020,방위사업청,개설테스트
2020,방위사업청,갑질 근절 교육
2020,방위사업청,감사 (2015년)_30차수
2020,방위사업청,감사 (2015년)
2020,방위사업청,UCC동영상 제작
2020,방위사업청,TRIZ 를 활용한 기술혁신
2020,방위사업청,SBA_30차수
2020,방위사업청,SBA
2020,방위사업청,공무원 실용정보화 일반
2020,방위사업청,공직가치
2020,방위사업청,국제계약 개요
2020,방위사업청,"국방표준종합정보시스템(KDSIS,규격)"
2020,방위사업청,국방중기계획 및 예산편성절차 (2010년)
2020,방위사업청,국방목록업무 (2016년)_30차수
2020,방위사업청,국방목록업무 (2016년)
2020,방위사업청,국방기획관리 (2008년)_30차수
2020,방위사업청,국방기획관리 (2008년)
2020,방위사업청,국방과학기술정책과 기획 (2008년)_30차수
2020,방위사업청,국방과학기술정책과 기획 (2008년)
2020,방위사업청,국방과학기술정책/실행계획
2020,방위사업청,국방계약 원가관리 (2011년)
2020,방위사업청,국내조달 관리 (2012년)_30차수
2020,방위사업청,국내조달 관리 (2012년)
2020,방위사업청,국내계약 업무 (2011년)
2020,방위사업청,국가회계원리
2020,방위사업청,국가계약법 (2011년)
2020,방위사업청,RAM 제도 업무 소개 (2014년)_30차수
2020,방위사업청,RAM 제도 업무 소개 (2014년)
2020,방위사업청,New 컨설턴트처럼 일하는 방식을 혁신하라
2020,방위사업청,ILS관리 (2008년)
2020,방위사업청,FMS구매 관리 (2012년)_30차수
2020,방위사업청,FMS구매 관리 (2012년)
2020,방위사업청,FMS가격구성 및 대금지불 (2010년)
2020,방위사업청,EVMS 소개 (2011년)_30차수
2020,방위사업청,EVMS 소개 (2011년)
2020,방위사업청,4대폭력 예방교육 (2018년)
2020,방위사업청,20년 외국어교실 1기
2020,방위사업청,"2020년 하반기 성희롱, 가정폭력 예방교육(집합대체)"
2020,방위사업청,2020 적극행정 추진방안
2020,방위사업청,2007 창의력
2020,방위사업청,2007 기획력
2020,방위사업청,"100명의 머리를 이기는 연금술, 전략적 사고"
2020,방위사업청,(사)한국정치와 방위사업
2020,방위사업청,(사)공공재정환수법
2020,방위사업청,(사)2020년 상반기 성폭력.성매매 예방교육
2020,방위사업청,IP Xpeidte-글로벌  IP 정보활용과정
2020,방위사업청,IT거버넌스
2020,방위사업청,M&S 체계 사업관리_30차수
2020,방위사업청,M&S 체계 사업관리
2020,방위사업청,M&S 기초_30차수
2020,방위사업청,M&S 기초
2020,방위사업청,M&S 기술 총론(초급)
2020,방위사업청,M&S 기술 총론(중급)
2020,방위사업청,M&S 기반 연구개발_30차수
2020,방위사업청,M&S 기반 연구개발
2020,방위사업청,M&S 기반 시험평가_30차수
2020,방위사업청,M&S 기반 시험평가
2020,방위사업청,M&S 기반 소요개발_30차수
2020,방위사업청,M&S 기반 소요개발
2020,방위사업청,M&S 기반 교육훈련_30차수
2020,방위사업청,M&S 기반 교육훈련
2020,방위사업청,M&S VV&A_30차수
2020,방위사업청,M&S VV&A
2020,방위사업청,국제계약 표준조건 해설
2020,방위사업청,국제계약절차 (2008년)
2020,방위사업청,국제계약절차 (2008년)_30차수
2020,방위사업청,방위사업 계약특례 (2015년)_30차수
2020,방위사업청,방위사업 계약특례 (2015년)
2020,방위사업청,방위사업 개요 (2011년)
2020,방위사업청,방산제비율 (2016년)_30차수
2020,방위사업청,방산제비율 (2016년)
2020,방위사업청,방산원가 대상물자의 원가계산 (2015년)_30차수
2020,방위사업청,방산원가 대상물자의 원가계산 (2015년)
2020,방위사업청,방산수출입통제 제도의 이해 (2014년)_30차수
2020,방위사업청,방산수출입통제 제도의 이해 (2014년)
2020,방위사업청,방산수출 정책 및 제도 (2013년)
2020,방위사업청,방산기술보호정책 (2014년)
2020,방위사업청,방산기술보호 및 관리 (2014년)_30차수
2020,방위사업청,방산기술보호 및 관리 (2014년)
2020,방위사업청,방산경제 조명 (2012년)
2020,방위사업청,발표 잘하는 방법
2020,방위사업청,발명신고서 작성과 명세서 검토
2020,방위사업청,방위사업 관련 판례 해석 사례 및 법무 질의 답변사례 (2011년)
2020,방위사업청,방위사업 관리체계 및 절차 (2008년)
2020,방위사업청,보고서 잘쓰는 방법
2020,방위사업청,변혁적리더십
2020,방위사업청,법제실무
2020,방위사업청,배려(마음을 움직이는 힘)
2020,방위사업청,방위살림꾼 기초지식 (2008년)_30차수
2020,방위사업청,방위살림꾼 기초지식 (2008년)
2020,방위사업청,방위산업정책 (2008년)_30차수
2020,방위사업청,방위산업정책 (2008년)
2020,방위사업청,방위산업기술보호법의 이해 (2016년)
2020,방위사업청,방위사업청 성과관리와 평가제도 (2016년)_30차수
2020,방위사업청,방위사업청 성과관리와 평가제도 (2016년)
2020,방위사업청,방위사업법령/규정
2020,방위사업청,방위사업법 (2011)
2020,방위사업청,방위사업 혁신 종합계획
2020,방위사업청,방위사업 정책 (2012년)
2020,방위사업청,방위사업 관리체계 및 절차 (2008년)_30차수
2020,방위사업청,민원실무
2020,방위사업청,민법기초
2020,방위사업청,미래예측
2020,방위사업청,디자인보호법
2020,방위사업청,독립운동가를 통해 본 나라사랑과 국가
2020,방위사업청,데이터베이스 실무
2020,방위사업청,네트워크관리(1954)
2020,방위사업청,나토목록체계 (2016년)
2020,방위사업청,나안전과 함께하는 홈페이지 LOCK & 樂
2020,방위사업청,김책임과 함께하는 개인정보보호 따라하기
2020,방위사업청,기술관리의 이해 (2011년)
2020,방위사업청,기본원가 이론 및 산정방법 (2011년)
2020,방위사업청,기록관리
2020,방위사업청,규제개혁
2020,방위사업청,규격관리 (2012)_30차수
2020,방위사업청,규격관리 (2012)
2020,방위사업청,굿타이밍<의사결정 성공법칙 1:10:100>
2020,방위사업청,국제운송업무 및 보험 (2015년)
2020,방위사업청,목표가 산정 및 활용 (2010년)
2020,방위사업청,무기체계 SW정책 (2015년)
2020,방위사업청,문재인정부 국정철학과 국정과제
2020,방위사업청,무역실무 (2011년)_30차수
2020,방위사업청,무역실무 (2011년)
2020,방위사업청,무기체계 주파수 획득절차 (2015년)_30차수
2020,방위사업청,무기체계 주파수 획득절차 (2015년)
2020,방위사업청,무기체계 유형별 시험평가
2020,방위사업청,무기체계 연구개발 사업관리절차 (2016년)_30차수
2020,방위사업청,무기체계 연구개발 사업관리절차 (2016년)
2020,방위사업청,무기체계 시험평가 (2015년)
2020,방위사업청,무기체계 상호운용성 정책 (2015년)_30차수
2020,방위사업청,무기체계 상호운용성 정책 (2015년)
2020,방위사업청,무기체계 내장형SW 개발관리
2020,방위사업청,무기체계 구매사업 (2015년)
2020,방위사업청,무기체계 개요 (2011)
2020,방위사업청,무기체계 SW정책 (2015년)_30차수
2020,방위사업청,국제수출통제체제 및 방산수출입 관리제도 (2010년)
2020,법제처,(사)행정쟁송의 이해과정
2020,법제처,(사)행정쟁송의 이해과정
2020,인사혁신처,2020년 ATD 인재개발과정(온라인)
2020,인사혁신처,2020년 ATD 인재개발과정(온라인)
2020,지방자치인재개발원,(사)알기 쉬운 공직자 행동강령
2020,지방자치인재개발원,(사) 청탁금지법의 이해
2020,지방자치인재개발원,(사) 청탁금지법의 이해
2020,지방자치인재개발원,(사)알기 쉬운 공직자 행동강령
2020,청렴연수원,부패대응능력 향상과정
2020,청렴연수원,(사)행정심판 실무 입문
2020,청렴연수원,(사)청탁금지법의 이해
2020,청렴연수원,(사)이순신장군의 청렴리더십
2020,청렴연수원,(사)역사속에서 찾은 청렴이야기
2020,청렴연수원,(사)알기쉬운 공직자 행동강령
2020,청렴연수원,(사)세상을 바꾸는 힘 공익신고
2020,청렴연수원,(사)사례로 배우는 청탁금지법
2020,청렴연수원,(사)사례로 배우는 부패영향평가
2020,청렴연수원,(사)부패앞에 단호해지기
2020,청렴연수원,(사)부패상황 자각하기
2020,청렴연수원,(사)반부패 청렴정책의 이해
2020,청렴연수원,(사)권익구제와 옴부즈만
2020,청렴연수원,(사)공직자를 위한 신목민심서
2020,청렴연수원,(사) 청렴판단력 키우기
2020,청렴연수원,(사)역사속에서 찾은 청렴이야기
2020,청렴연수원,부패대응능력 향상과정
2020,청렴연수원,(사)행정심판 실무 입문
2020,청렴연수원,(사)청탁금지법의 이해
2020,청렴연수원,(사)이순신장군의 청렴리더십
2020,청렴연수원,(사)알기쉬운 공직자 행동강령
2020,청렴연수원,(사)세상을 바꾸는 힘 공익신고
2020,청렴연수원,(사)사례로 배우는 청탁금지법
2020,청렴연수원,(사)사례로 배우는 부패영향평가
2020,청렴연수원,(사)부패앞에 단호해지기
2020,청렴연수원,(사)부패상황 자각하기
2020,청렴연수원,(사)반부패 청렴정책의 이해
2020,청렴연수원,(사)권익구제와 옴부즈만
2020,청렴연수원,(사)공직자를 위한 신목민심서
2020,청렴연수원,(사) 청렴판단력 키우기
2020,충북대학교,2020 세종청사 아카데미 : 인식의 전환을 위한 인문학
2020,충북대학교,2020 세종청사 아카데미 : 인식의 전환을 위한 인문학
2020,통계교육원,(사)통계기초 및 활용과정
2020,통계교육원,(사)통계학의 이해
2020,통계교육원,(사)통계기초 및 활용과정
2020,통계교육원,(사)통계학의 이해
2020,통일교육원,(사)북한사회와 주민생활 Ⅱ
2020,통일교육원,(사)역사 속 통일의 현대사적 의미
2020,통일교육원,"(사)통일문제, 어떻게 볼 것인가"
2020,통일교육원,함께가는 통일의 길
2020,통일교육원,(사)함께가는 통일의 길
2020,통일교육원,(사)북한사회와 주민생활
2020,통일교육원,(사)독일통일 다시보기
2020,통일교육원,(사)남북협상의 이해
2020,통일교육원,(사)공공 통일교육
2020,통일교육원,(사) 코리안 디아스포라와 통일
2020,통일교육원,(사) 세 가지 키워드로 본 한반도의 길
2020,통일교육원,함께가는 통일의 길
2020,통일교육원,(사)함께가는 통일의 길
2020,통일교육원,"(사)통일문제, 어떻게 볼 것인가"
2020,통일교육원,(사)역사 속 통일의 현대사적 의미
2020,통일교육원,(사)북한사회와 주민생활 Ⅱ
2020,통일교육원,(사)북한사회와 주민생활
2020,통일교육원,(사)독일통일 다시보기
2020,통일교육원,(사)남북협상의 이해
2020,통일교육원,(사)공공 통일교육
2020,통일교육원,(사) 코리안 디아스포라와 통일
2020,통일교육원,(사) 세 가지 키워드로 본 한반도의 길
2020,한국개발연구원,2020년 상반기 세종청사 아카데미
2020,한국개발연구원,2020년 상반기 세종청사 아카데미
2020,한국무역협회,국제무역사(온라인)
2020,한국무역협회,국제무역사(온라인)
2020,한국보건복지인력개발원,방역관리자업무교육
2020,한국보건복지인력개발원,방역관리자업무교육
2020,한국양성평등교육진흥원,양성평등한 사회 만들기
2020,한국양성평등교육진흥원,양성평등과 성 주류화 패러다임
2020,한국양성평등교육진흥원,공무원 성인지 사이버교육
2020,한국양성평등교육진흥원,양성평등한 사회 만들기
2020,한국양성평등교육진흥원,양성평등과 성 주류화 패러다임
2020,한국양성평등교육진흥원,공무원 성인지 사이버교육
2020,,중앙행정기관 성고충담당자 워크숍
2020,,중앙행정기관 성고충담당자 워크숍
2021,공군본부,공군 아동학대예방 원격교육_11차수
2021,공군본부,공군 아동학대예방 원격교육_11차수
2021,방위사업청,분석평가와 관련 법령_1차수
2021,방위사업청,분석평가의 이해_1차수
2021,방위사업청,비용분석/EVMS_1차수
2021,방위사업청,사례로 배우는 청탁금지법_1차수
2021,방위사업청,사업성과관리(EVM) 이해_1차수
2021,방위사업청,사업착수이전단계 업무_1차수
2021,방위사업청,사후분석 절차/사례_1차수
2021,방위사업청,상업구매 관리_1차수
2021,방위사업청,성과관리(EVM) 실무_1차수
2021,방위사업청,"세상을 바꾸는 힘, 공익신고_1차수"
2021,방위사업청,시설사업기본계획수립_1차수
2021,방위사업청,신개념기술시범 사업절차 이해_1차수
2021,방위사업청,알기 쉬운 이해충돌방지법_1차수
2021,방위사업청,알기쉬운 공직자 행동강령_1차수
2021,방위사업청,알기쉬운 방산원가 및 계약제도_1차수
2021,방위사업청,언론홍보 전략 및 보도자료 작성법_1차수
2021,방위사업청,연구개발 정책 (2012년)_1차수
2021,방위사업청,연구개발사업 규격화 업무_1차수
2021,방위사업청,분석평가방법론_1차수
2021,방위사업청,분석평가_1차수
2021,방위사업청,분산 시뮬레이션 아키텍쳐_1차수
2021,방위사업청,무기체계연구개발 사업관리절차_1차수
2021,방위사업청,무역실무_1차수
2021,방위사업청,민원실무_1차수
2021,방위사업청,방산기술 보호 및 관리_1차수
2021,방위사업청,방산수출 정책 및 제도_1차수
2021,방위사업청,방산수출입통제 제도의 이해_1차수
2021,방위사업청,방산원가 대상물자의 원가계산_1차수
2021,방위사업청,방산제비율_1차수
2021,방위사업청,방위사업 개요 (2011년)_1차수
2021,방위사업청,방위사업 관리체계 및 절차_1차수
2021,방위사업청,방위사업 정책 (2012년)_1차수
2021,방위사업청,방위사업계약 특례_1차수
2021,방위사업청,방위사업법령/규정_1차수
2021,방위사업청,방위사업청 성과관리와 평가제도_1차수
2021,방위사업청,방위산업정책 (2008년)_1차수
2021,방위사업청,방위살림꾼 기초지식_1차수
2021,방위사업청,보안교육 (2008년)_1차수
2021,방위사업청,부패상황 자각하기_1차수
2021,방위사업청,온라인 방위산업기술보호 교육_1차수
2021,방위사업청,원가분석사 1차 대비과정_1차수
2021,방위사업청,원가분석사 2차 대비과정_1차수
2021,방위사업청,청 정보화 소개_1차수
2021,방위사업청,청렴 방위사업 세미나_1차수
2021,방위사업청,"청렴, 미래를 위한 약속_1차수"
2021,방위사업청,청탁금지법의 이해_1차수
2021,방위사업청,체계공학 SE 이해_1차수
2021,방위사업청,품질관리_1차수
2021,방위사업청,프로젝트 관리 지식체계 소개_1차수
2021,방위사업청,프로젝트 범위관리_1차수
2021,방위사업청,프로젝트 의사소통관리_1차수
2021,방위사업청,프로젝트 인적자원관리_1차수
2021,방위사업청,프로젝트 일정관리_1차수
2021,방위사업청,프로젝트 통합관리_1차수
2021,방위사업청,프로젝트 품질관리_1차수
2021,방위사업청,프로젝트관리 개요_1차수
2021,방위사업청,한국정치와 방위사업(김종대 前의원 특강)_1차수
2021,방위사업청,한반도 통일 역사와 문화유산_1차수
2021,방위사업청,협상기법_1차수
2021,방위사업청,획득관리와 체계공학_1차수
2021,방위사업청,지출관리_1차수
2021,방위사업청,종합군수지원_1차수
2021,방위사업청,조달계획 예산관리_1차수
2021,방위사업청,위험관리_1차수
2021,방위사업청,응급처치법(심폐소생술)_1차수
2021,방위사업청,이해충돌방지법 길라잡이 교육 영상(국민권익위원회)_1차수
2021,방위사업청,이해충돌방지법_1차수
2021,방위사업청,자체 수준측정 업무수행 절차_1차수
2021,방위사업청,장애인식개선 통합교육(직장내 및 사회적 인식개선)_1차수
2021,방위사업청,장애인식개선교육인식의 길라잡이_1차수
2021,방위사업청,장애인식개선교육인식의 새로고침_1차수
2021,방위사업청,적극행정 초빙교육(기본 및 심화)_1차수
2021,방위사업청,전력발전업무 (2018년)_1차수
2021,방위사업청,전장관리정보체계_1차수
2021,방위사업청,전장변화와 전력소요기획_1차수
2021,방위사업청,정보공개제도_1차수
2021,방위사업청,정보보안_1차수
2021,방위사업청,정부계약 개요_1차수
2021,방위사업청,정부계약제도_1차수
2021,방위사업청,정부조달협정_1차수
2021,방위사업청,제안요청서 작성 및 제안서 평가_1차수
2021,방위사업청,무기체계 주파수 획득절차_1차수
2021,방위사업청,무기체계 상호운용성 정책_1차수
2021,방위사업청,<시범제작> 신박한 정리_요구도 관리_1차수
2021,방위사업청,<시범제작> 알기 쉬운 계약! 계약? 계약이 뭐예요?_1차수
2021,방위사업청,<시범제작> 알기 쉬운 국제부품 확정계약_1차수
2021,방위사업청,<시범제작> 예산편성 제도의 실제_1차수
2021,방위사업청,<시범제작> 전장변화와 전력소요 기획_1차수
2021,방위사업청,<시범제작> 절충교역 관련 용어 해설_1차수
2021,방위사업청,<시범제작> 청 직원이면 꼭 알아야 할 방위사업 기본개념_1차수
2021,방위사업청,<시범제작> 초보자도 쉽게 따라할 수 있는 연구개발사업 협상 Knowhow_1차수
2021,방위사업청,<시범제작> 최근 한국 방위사업의 정책 - 신속획득제도를 중심으로_1차수
2021,방위사업청,<시범제작> 통합체계지원(IPS)의 이해_1차수
2021,방위사업청,<시범제작> 패키지 시설사업의 이해_1차수
2021,방위사업청,<시범제작> 행정기본법_1차수
2021,방위사업청,<시범제작> 행정소송법_1차수
2021,방위사업청,"<시범제작> 헌법, 법령체계의 이해_1차수"
2021,방위사업청,AI를 활용한 공공서비스 기획_1차수
2021,방위사업청,EVMS 소개_1차수
2021,방위사업청,FMS 가격구성 및 대금지불_1차수
2021,방위사업청,FMS구매 관리_1차수
2021,방위사업청,<시범제작> 신박한 정리 - 항공무기체계 개론_1차수
2021,방위사업청,<시범제작> 사례를 통해 알아보는 구매사업 절차_1차수
2021,방위사업청,<시범제작> 분석평가의 개념과 역할_1차수
2021,방위사업청,"'공직자로 청렴하게 살아가는 방법, 이해충돌방지법'_1차수"
2021,방위사업청,"(고위급) '21년 성인지력 향상 및 성매매, 가정폭력 예방교육_1차수"
2021,방위사업청,"(과/팀장급,담당급) '21년 성인지력 향상 및 성매매, 가정폭력 예방교육_1차수"
2021,방위사업청,(신)개인정보보호법 이해하기_1차수
2021,방위사업청,2020 적극행정 추진방안_1차수
2021,방위사업청,"2020년 하반기 성희롱, 가정폭력 예방교육(집합대체)_1차수"
2021,방위사업청,2021년 을지태극연습 안보교육 영상_1차수
2021,방위사업청,21-1차 양산관리과정_1차수
2021,방위사업청,4대폭력 예방교육_1차수
2021,방위사업청,"<시범제작>  EMI, EMC로 보는 협상우위 선점을 위한 찐 꿀팁 하나_1차수"
2021,방위사업청,<시범제작> FMS 구매 관련 용어 해설_1차수
2021,방위사업청,<시범제작> 계약 관련 보증서 관리방법_1차수
2021,방위사업청,<시범제작> 계약의 개념 및 요건_1차수
2021,방위사업청,<시범제작> 국제 무역거래 흐름 - 방위사업청 국외구매 계약을 중심으로_1차수
2021,방위사업청,<시범제작> 국제계약시 대금결제 방법_1차수
2021,방위사업청,<시범제작> 기술관리 일반_1차수
2021,방위사업청,<시범제작> 방위사업 정책의 이해_1차수
2021,방위사업청,<시범제작> 방위사업법 - 계약 법리를 중심으로_1차수
2021,방위사업청,FMS제도 개요_1차수
2021,방위사업청,M&S VV&A_1차수
2021,방위사업청,M&S 기반 교육훈련_1차수
2021,방위사업청,국방계약 원가관리_1차수
2021,방위사업청,국방과학기술정책/실행계획_1차수
2021,방위사업청,국방과학기술정책과 기획_1차수
2021,방위사업청,국방기획관리_1차수
2021,방위사업청,국방목록업무_1차수
2021,방위사업청,"국방표준종합정보시스템(KDSIS,규격)_1차수"
2021,방위사업청,국제계약 개요(상업구매)_1차수
2021,방위사업청,국제계약 표준조건 해설_1차수
2021,방위사업청,국제계약절차_1차수
2021,방위사업청,국제운송업무 및 보험_1차수
2021,방위사업청,규격관리_1차수
2021,방위사업청,기본원가 이론 및 산정방법_1차수
2021,방위사업청,기술관리의 이해_1차수
2021,방위사업청,긴급복지지원 신고의무자교육_1차수
2021,방위사업청,나토목록체계 (2016년)_1차수
2021,방위사업청,데이터 리터러시_1차수
2021,방위사업청,무기체계 SW정책소개_1차수
2021,방위사업청,무기체계 개요_1차수
2021,방위사업청,국민권익위원장 초청 온택트 청렴특강_1차수
2021,방위사업청,국내조달 관리_1차수
2021,방위사업청,국가계약법_1차수
2021,방위사업청,M&S 기반 소요개발_1차수
2021,방위사업청,M&S 기반 시험평가_1차수
2021,방위사업청,M&S 기반 연구개발_1차수
2021,방위사업청,M&S 기술 총론(중급)_1차수
2021,방위사업청,M&S 기술 총론(초급)_1차수
2021,방위사업청,M&S 기초_1차수
2021,방위사업청,M&S 체계 사업관리_1차수
2021,방위사업청,RAM 제도 업무 소개_1차수
2021,방위사업청,SBA_1차수
2021,방위사업청,SE프로세스기반 기술개발 및 관리 사례_1차수
2021,방위사업청,감사_1차수
2021,방위사업청,갑질 근절 교육_1차수
2021,방위사업청,고충민원대응기법 및 사례분석_1차수
2021,방위사업청,공공부문 아동학대 예방교육_1차수
2021,방위사업청,공공부문 아동학대 예방교육_2차수
2021,방위사업청,공공재정환수법_1차수
2021,방위사업청,공공재정환수법의 이해_1차수
2021,방위사업청,공직자 안보교육_1차수
2021,방위사업청,공공재정환수법_1차수
2021,방위사업청,공공부문 아동학대 예방교육_2차수
2021,방위사업청,공공부문 아동학대 예방교육_1차수
2021,방위사업청,고충민원대응기법 및 사례분석_1차수
2021,방위사업청,갑질 근절 교육_1차수
2021,방위사업청,감사_1차수
2021,방위사업청,SE프로세스기반 기술개발 및 관리 사례_1차수
2021,방위사업청,SBA_1차수
2021,방위사업청,RAM 제도 업무 소개_1차수
2021,방위사업청,M&S 체계 사업관리_1차수
2021,방위사업청,M&S 기초_1차수
2021,방위사업청,M&S 기술 총론(초급)_1차수
2021,방위사업청,M&S 기술 총론(중급)_1차수
2021,방위사업청,M&S 기반 연구개발_1차수
2021,방위사업청,M&S 기반 시험평가_1차수
2021,방위사업청,무기체계 상호운용성 정책_1차수
2021,방위사업청,M&S 기반 교육훈련_1차수
2021,방위사업청,M&S VV&A_1차수
2021,방위사업청,데이터 리터러시_1차수
2021,방위사업청,공공재정환수법의 이해_1차수
2021,방위사업청,공직자 안보교육_1차수
2021,방위사업청,나토목록체계 (2016년)_1차수
2021,방위사업청,긴급복지지원 신고의무자교육_1차수
2021,방위사업청,기술관리의 이해_1차수
2021,방위사업청,기본원가 이론 및 산정방법_1차수
2021,방위사업청,규격관리_1차수
2021,방위사업청,국제운송업무 및 보험_1차수
2021,방위사업청,국제계약절차_1차수
2021,방위사업청,국제계약 표준조건 해설_1차수
2021,방위사업청,국제계약 개요(상업구매)_1차수
2021,방위사업청,"국방표준종합정보시스템(KDSIS,규격)_1차수"
2021,방위사업청,국방목록업무_1차수
2021,방위사업청,국방기획관리_1차수
2021,방위사업청,국방과학기술정책과 기획_1차수
2021,방위사업청,국방과학기술정책/실행계획_1차수
2021,방위사업청,국방계약 원가관리_1차수
2021,방위사업청,국민권익위원장 초청 온택트 청렴특강_1차수
2021,방위사업청,국내조달 관리_1차수
2021,방위사업청,국가계약법_1차수
2021,방위사업청,FMS제도 개요_1차수
2021,방위사업청,FMS구매 관리_1차수
2021,방위사업청,<시범제작> 방위사업 정책의 이해_1차수
2021,방위사업청,<시범제작> 기술관리 일반_1차수
2021,방위사업청,<시범제작> 국제계약시 대금결제 방법_1차수
2021,방위사업청,<시범제작> 국제 무역거래 흐름 - 방위사업청 국외구매 계약을 중심으로_1차수
2021,방위사업청,<시범제작> 계약의 개념 및 요건_1차수
2021,방위사업청,<시범제작> 계약 관련 보증서 관리방법_1차수
2021,방위사업청,<시범제작> FMS 구매 관련 용어 해설_1차수
2021,방위사업청,"<시범제작>  EMI, EMC로 보는 협상우위 선점을 위한 찐 꿀팁 하나_1차수"
2021,방위사업청,4대폭력 예방교육_1차수
2021,방위사업청,21-1차 양산관리과정_1차수
2021,방위사업청,2021년 을지태극연습 안보교육 영상_1차수
2021,방위사업청,"2020년 하반기 성희롱, 가정폭력 예방교육(집합대체)_1차수"
2021,방위사업청,2020 적극행정 추진방안_1차수
2021,방위사업청,(신)개인정보보호법 이해하기_1차수
2021,방위사업청,"(과/팀장급,담당급) '21년 성인지력 향상 및 성매매, 가정폭력 예방교육_1차수"
2021,방위사업청,"(고위급) '21년 성인지력 향상 및 성매매, 가정폭력 예방교육_1차수"
2021,방위사업청,"'공직자로 청렴하게 살아가는 방법, 이해충돌방지법'_1차수"
2021,방위사업청,M&S 기반 소요개발_1차수
2021,방위사업청,<시범제작> 방위사업법 - 계약 법리를 중심으로_1차수
2021,방위사업청,<시범제작> 분석평가의 개념과 역할_1차수
2021,방위사업청,<시범제작> 사례를 통해 알아보는 구매사업 절차_1차수
2021,방위사업청,FMS 가격구성 및 대금지불_1차수
2021,방위사업청,EVMS 소개_1차수
2021,방위사업청,AI를 활용한 공공서비스 기획_1차수
2021,방위사업청,"<시범제작> 헌법, 법령체계의 이해_1차수"
2021,방위사업청,<시범제작> 행정소송법_1차수
2021,방위사업청,<시범제작> 행정기본법_1차수
2021,방위사업청,<시범제작> 패키지 시설사업의 이해_1차수
2021,방위사업청,<시범제작> 통합체계지원(IPS)의 이해_1차수
2021,방위사업청,<시범제작> 최근 한국 방위사업의 정책 - 신속획득제도를 중심으로_1차수
2021,방위사업청,<시범제작> 초보자도 쉽게 따라할 수 있는 연구개발사업 협상 Knowhow_1차수
2021,방위사업청,<시범제작> 청 직원이면 꼭 알아야 할 방위사업 기본개념_1차수
2021,방위사업청,<시범제작> 절충교역 관련 용어 해설_1차수
2021,방위사업청,<시범제작> 전장변화와 전력소요 기획_1차수
2021,방위사업청,<시범제작> 예산편성 제도의 실제_1차수
2021,방위사업청,<시범제작> 알기 쉬운 국제부품 확정계약_1차수
2021,방위사업청,<시범제작> 알기 쉬운 계약! 계약? 계약이 뭐예요?_1차수
2021,방위사업청,<시범제작> 신박한 정리_요구도 관리_1차수
2021,방위사업청,<시범제작> 신박한 정리 - 항공무기체계 개론_1차수
2021,방위사업청,무기체계 SW정책소개_1차수
2021,방위사업청,무기체계 개요_1차수
2021,방위사업청,청 정보화 소개_1차수
2021,방위사업청,정부조달협정_1차수
2021,방위사업청,정부계약제도_1차수
2021,방위사업청,정부계약 개요_1차수
2021,방위사업청,정보보안_1차수
2021,방위사업청,정보공개제도_1차수
2021,방위사업청,전장변화와 전력소요기획_1차수
2021,방위사업청,전장관리정보체계_1차수
2021,방위사업청,전력발전업무 (2018년)_1차수
2021,방위사업청,적극행정 초빙교육(기본 및 심화)_1차수
2021,방위사업청,장애인식개선교육인식의 새로고침_1차수
2021,방위사업청,장애인식개선교육인식의 길라잡이_1차수
2021,방위사업청,장애인식개선 통합교육(직장내 및 사회적 인식개선)_1차수
2021,방위사업청,자체 수준측정 업무수행 절차_1차수
2021,방위사업청,이해충돌방지법_1차수
2021,방위사업청,이해충돌방지법 길라잡이 교육 영상(국민권익위원회)_1차수
2021,방위사업청,응급처치법(심폐소생술)_1차수
2021,방위사업청,위험관리_1차수
2021,방위사업청,원가분석사 2차 대비과정_1차수
2021,방위사업청,제안요청서 작성 및 제안서 평가_1차수
2021,방위사업청,조달계획 예산관리_1차수
2021,방위사업청,종합군수지원_1차수
2021,방위사업청,획득관리와 체계공학_1차수
2021,방위사업청,협상기법_1차수
2021,방위사업청,한반도 통일 역사와 문화유산_1차수
2021,방위사업청,한국정치와 방위사업(김종대 前의원 특강)_1차수
2021,방위사업청,프로젝트관리 개요_1차수
2021,방위사업청,프로젝트 품질관리_1차수
2021,방위사업청,프로젝트 통합관리_1차수
2021,방위사업청,프로젝트 일정관리_1차수
2021,방위사업청,프로젝트 인적자원관리_1차수
2021,방위사업청,프로젝트 의사소통관리_1차수
2021,방위사업청,프로젝트 범위관리_1차수
2021,방위사업청,프로젝트 관리 지식체계 소개_1차수
2021,방위사업청,품질관리_1차수
2021,방위사업청,체계공학 SE 이해_1차수
2021,방위사업청,청탁금지법의 이해_1차수
2021,방위사업청,"청렴, 미래를 위한 약속_1차수"
2021,방위사업청,청렴 방위사업 세미나_1차수
2021,방위사업청,지출관리_1차수
2021,방위사업청,원가분석사 1차 대비과정_1차수
2021,방위사업청,온라인 방위산업기술보호 교육_1차수
2021,방위사업청,연구개발사업 규격화 업무_1차수
2021,방위사업청,보안교육 (2008년)_1차수
2021,방위사업청,방위살림꾼 기초지식_1차수
2021,방위사업청,방위산업정책 (2008년)_1차수
2021,방위사업청,방위사업청 성과관리와 평가제도_1차수
2021,방위사업청,방위사업법령/규정_1차수
2021,방위사업청,방위사업계약 특례_1차수
2021,방위사업청,방위사업 정책 (2012년)_1차수
2021,방위사업청,방위사업 관리체계 및 절차_1차수
2021,방위사업청,방위사업 개요 (2011년)_1차수
2021,방위사업청,방산제비율_1차수
2021,방위사업청,방산원가 대상물자의 원가계산_1차수
2021,방위사업청,방산수출입통제 제도의 이해_1차수
2021,방위사업청,방산수출 정책 및 제도_1차수
2021,방위사업청,방산기술 보호 및 관리_1차수
2021,방위사업청,민원실무_1차수
2021,방위사업청,무역실무_1차수
2021,방위사업청,무기체계연구개발 사업관리절차_1차수
2021,방위사업청,무기체계 주파수 획득절차_1차수
2021,방위사업청,부패상황 자각하기_1차수
2021,방위사업청,분산 시뮬레이션 아키텍쳐_1차수
2021,방위사업청,분석평가_1차수
2021,방위사업청,연구개발 정책 (2012년)_1차수
2021,방위사업청,언론홍보 전략 및 보도자료 작성법_1차수
2021,방위사업청,알기쉬운 방산원가 및 계약제도_1차수
2021,방위사업청,알기쉬운 공직자 행동강령_1차수
2021,방위사업청,알기 쉬운 이해충돌방지법_1차수
2021,방위사업청,신개념기술시범 사업절차 이해_1차수
2021,방위사업청,시설사업기본계획수립_1차수
2021,방위사업청,"세상을 바꾸는 힘, 공익신고_1차수"
2021,방위사업청,성과관리(EVM) 실무_1차수
2021,방위사업청,상업구매 관리_1차수
2021,방위사업청,사후분석 절차/사례_1차수
2021,방위사업청,사업착수이전단계 업무_1차수
2021,방위사업청,사업성과관리(EVM) 이해_1차수
2021,방위사업청,사례로 배우는 청탁금지법_1차수
2021,방위사업청,비용분석/EVMS_1차수
2021,방위사업청,분석평가의 이해_1차수
2021,방위사업청,분석평가와 관련 법령_1차수
2021,방위사업청,분석평가방법론_1차수
2022,방위사업청,사례로 배우는 청탁금지법(2022년 최신)_1차수
2022,방위사업청,비용분석/EVMS_1차수
2022,방위사업청,분석평가의 이해_1차수
2022,방위사업청,분석평가와 관련 법령_1차수
2022,방위사업청,분석평가방법론_1차수
2022,방위사업청,분석평가_1차수
2022,방위사업청,분산 시뮬레이션 아키텍쳐_1차수
2022,방위사업청,부패상황 자각하기_1차수
2022,방위사업청,부패상황 자각하기(2022년 최신)_1차수
2022,방위사업청,방위살림꾼 기초지식_1차수
2022,방위사업청,사례로 배우는 청탁금지법_1차수
2022,방위사업청,사례로 보는 기록관리의 중요성_1차수
2022,방위사업청,사업성과관리(EVM) 이해_1차수
2022,방위사업청,사업착수이전단계 업무_1차수
2022,방위사업청,사후분석 절차/사례_1차수
2022,방위사업청,상업구매 관리_1차수
2022,방위사업청,성과관리(EVM) 실무_1차수
2022,방위사업청,성인지력향상 과정(젠더감수성의 이해)_1차수
2022,방위사업청,세상을 바꾸는 힘 공익신고(2022년 최신)_1차수
2022,방위사업청,"세상을 바꾸는 힘, 공익신고_1차수"
2022,방위사업청,소방 교육 및 훈련_1차수
2022,방위사업청,시설사업기본계획수립_1차수
2022,방위사업청,신개념기술시범 사업절차 이해_1차수
2022,방위사업청,방위산업정책 (2008년)_1차수
2022,방위사업청,방위사업청 성과관리와 평가제도_1차수
2022,방위사업청,방위사업법령/규정_1차수
2022,방위사업청,장애인식개선교육인식의 새로고침_1차수
2022,방위사업청,미래첨단기술(메타버스) : 2. 지능형 증강현실(AR) 서비스_1차수
2022,방위사업청,미래첨단기술(메타버스) : 3. 실사기반 3D 가상공간 구축 및 응용_1차수
2022,방위사업청,미래첨단기술(메타버스) : 4. AI기반의 메타버스 환경 패션상품 제작_1차수
2022,방위사업청,미래첨단기술(메타버스) : 5. AI기반의 메타버스의 도래와  디지털 휴먼기_1차수
2022,방위사업청,미래첨단기술(메타버스) : 6. 확장현실(XR) 기술 및 융합 산업_1차수
2022,방위사업청,미래첨단기술(메타버스) : 7. 전투원 위치공간 인지증강 AR/MR 서비스_1차수
2022,방위사업청,미래첨단기술(메타버스) : 8. 국방 메타버스 VR 훈련시스템_1차수
2022,방위사업청,미래첨단기술(항공우주) : 1. 국방우주 개론_1차수
2022,방위사업청,미래첨단기술(항공우주) : 2. 위성시스템 기술_1차수
2022,방위사업청,미래첨단기술(항공우주) : 3. 우주 발사체 개요_1차수
2022,방위사업청,미래첨단기술(항공우주) : 4. 위성플랫폼 기술_1차수
2022,방위사업청,민원실무(2022년 최신)_1차수
2022,방위사업청,민원실무_1차수
2022,방위사업청,방산기술 보호 및 관리_1차수
2022,방위사업청,방산수출 정책 및 제도_1차수
2022,방위사업청,방산수출입통제 제도의 이해_1차수
2022,방위사업청,방산원가 대상물자의 원가계산_1차수
2022,방위사업청,방산제비율_1차수
2022,방위사업청,방위사업 개요 (2011년)_1차수
2022,방위사업청,방위사업 관리체계 및 절차_1차수
2022,방위사업청,방위사업 정책 (2012년)_1차수
2022,방위사업청,방위사업계약 특례_1차수
2022,방위사업청,신속연구개발사업 추진절차_1차수
2022,방위사업청,알기 쉬운 이해충돌방지법_1차수
2022,방위사업청,제안요청서 작성 및 제안서 평가_1차수
2022,방위사업청,조달계획 예산관리_1차수
2022,방위사업청,종합군수지원_1차수
2022,방위사업청,지출관리_1차수
2022,방위사업청,청 정보화 소개_1차수
2022,방위사업청,청렴 북 콘서트_1차수
2022,방위사업청,"청렴, 미래를 위한 약속_1차수"
2022,방위사업청,청탁금지법의 이해_1차수
2022,방위사업청,체계공학 SE 이해_1차수
2022,방위사업청,품질관리_1차수
2022,방위사업청,프로젝트 관리 지식체계 소개_1차수
2022,방위사업청,프로젝트 범위관리_1차수
2022,방위사업청,프로젝트 의사소통관리_1차수
2022,방위사업청,프로젝트 인적자원관리_1차수
2022,방위사업청,프로젝트 일정관리_1차수
2022,방위사업청,프로젝트 통합관리_1차수
2022,방위사업청,프로젝트 품질관리_1차수
2022,방위사업청,프로젝트관리 개요_1차수
2022,방위사업청,한국정치와 방위사업(김종대 前의원 특강)_1차수
2022,방위사업청,한반도 통일 역사와 문화 유산(2022년 최신)_1차수
2022,방위사업청,한반도 통일 역사와 문화유산_1차수
2022,방위사업청,협상기법_1차수
2022,방위사업청,획득관리와 체계공학_1차수
2022,방위사업청,"정책, 현장 기록으로 보는 기록관리의 중요성_1차수"
2022,방위사업청,정부조달협정_1차수
2022,방위사업청,알기쉬운 방산원가 및 계약제도_1차수
2022,방위사업청,언론홍보 전략 및 보도자료 작성법_1차수
2022,방위사업청,엑셀 하나로 나의 보고서가 달라진다! 데이터 분석 기초편_1차수
2022,방위사업청,연구개발 정책 (2012년)_1차수
2022,방위사업청,연구개발사업 규격화 업무_1차수
2022,방위사업청,온라인 방위산업기술보호 교육_1차수
2022,방위사업청,온라인방위사업기술보호교육(2022년 최신)_1차수
2022,방위사업청,위험관리_1차수
2022,방위사업청,응급처치법(심폐소생술)_1차수
2022,방위사업청,이해충돌방지법 길라잡이 교육 영상(국민권익위원회)_1차수
2022,방위사업청,이해충돌방지법_1차수
2022,방위사업청,일상의 평등 ON - 폭력예방교육_1차수
2022,방위사업청,자체 수준측정 업무수행 절차_1차수
2022,방위사업청,장애인식개선 통합교육(직장내 및 사회적 인식개선)_1차수
2022,방위사업청,장애인식개선교육인식의 길라잡이_1차수
2022,방위사업청,적극행정 초빙교육(기본 및 심화)_1차수
2022,방위사업청,전력발전업무 (2018년)_1차수
2022,방위사업청,전장관리정보체계_1차수
2022,방위사업청,전장변화와 전력소요기획_1차수
2022,방위사업청,정보공개제도_1차수
2022,방위사업청,정보보안_1차수
2022,방위사업청,정부계약 개요_1차수
2022,방위사업청,정부계약제도_1차수
2022,방위사업청,미래첨단기술(메타버스) : 1. 메타버스의 이해와 전망_1차수
2022,방위사업청,미래첨단기술(국방AI) : 8. 서비스 로봇 기술 및 응용_1차수
2022,방위사업청,미래첨단기술(국방AI) : 7. 드론 자율비행 기술_1차수
2022,방위사업청,<시범제작> 청 직원이면 꼭 알아야 할 방위사업 기본개념_1차수
2022,방위사업청,<시범제작> 초보자도 쉽게 따라할 수 있는 연구개발사업 협상 Knowhow_1차수
2022,방위사업청,<시범제작> 최근 한국 방위사업의 정책 - 신속획득제도를 중심으로_1차수
2022,방위사업청,<시범제작> 통합체계지원(IPS)의 이해_1차수
2022,방위사업청,<시범제작> 패키지 시설사업의 이해_1차수
2022,방위사업청,<시범제작> 행정기본법_1차수
2022,방위사업청,<시범제작> 행정소송법_1차수
2022,방위사업청,"<시범제작> 헌법, 법령체계의 이해_1차수"
2022,방위사업청,AI를 활용한 공공서비스 기획_1차수
2022,방위사업청,EVMS 소개_1차수
2022,방위사업청,FMS 가격구성 및 대금지불_1차수
2022,방위사업청,FMS구매 관리_1차수
2022,방위사업청,FMS제도 개요_1차수
2022,방위사업청,M&S VV&A_1차수
2022,방위사업청,M&S 기반 교육훈련_1차수
2022,방위사업청,M&S 기반 소요개발_1차수
2022,방위사업청,M&S 기반 시험평가_1차수
2022,방위사업청,M&S 기반 연구개발_1차수
2022,방위사업청,M&S 기술 총론(중급)_1차수
2022,방위사업청,M&S 기술 총론(초급)_1차수
2022,방위사업청,M&S 기초_1차수
2022,방위사업청,M&S 체계 사업관리_1차수
2022,방위사업청,RAM 제도 업무 소개_1차수
2022,방위사업청,<시범제작> 절충교역 관련 용어 해설_1차수
2022,방위사업청,<시범제작> 전장변화와 전력소요 기획_1차수
2022,방위사업청,"'공직자로 청렴하게 살아가는 방법, 이해충돌방지법'_1차수"
2022,방위사업청,(신)개인정보보호법 이해하기_1차수
2022,방위사업청,2020 적극행정 추진방안_1차수
2022,방위사업청,2022 알기쉬운 공직자 행동강령_1차수
2022,방위사업청,22-1차 원가분석사 1차 대비과정_1차수
2022,방위사업청,22-1차 원가분석사 2차 대비과정_1차수
2022,방위사업청,4대폭력 예방교육_1차수
2022,방위사업청,"<시범제작>  EMI, EMC로 보는 협상우위 선점을 위한 찐 꿀팁 하나_1차수"
2022,방위사업청,<시범제작> FMS 구매 관련 용어 해설_1차수
2022,방위사업청,<시범제작> 계약 관련 보증서 관리방법_1차수
2022,방위사업청,<시범제작> 계약의 개념 및 요건_1차수
2022,방위사업청,<시범제작> 국제 무역거래 흐름 - 방위사업청 국외구매 계약을 중심으로_1차수
2022,방위사업청,<시범제작> 국제계약시 대금결제 방법_1차수
2022,방위사업청,<시범제작> 기술관리 일반_1차수
2022,방위사업청,<시범제작> 방위사업 정책의 이해_1차수
2022,방위사업청,<시범제작> 방위사업법 - 계약 법리를 중심으로_1차수
2022,방위사업청,<시범제작> 분석평가의 개념과 역할_1차수
2022,방위사업청,<시범제작> 사례를 통해 알아보는 구매사업 절차 -  해상작전헬기 1차사업_1차수
2022,방위사업청,<시범제작> 신박한 정리 - 항공무기체계 개론_1차수
2022,방위사업청,<시범제작> 신박한 정리_요구도 관리_1차수
2022,방위사업청,<시범제작> 알기 쉬운 계약! 계약? 계약이 뭐예요?_1차수
2022,방위사업청,<시범제작> 알기 쉬운 국제부품 확정계약_1차수
2022,방위사업청,<시범제작> 예산편성 제도의 실제_1차수
2022,방위사업청,SBA_1차수
2022,방위사업청,SE프로세스기반 기술개발 및 관리 사례_1차수
2022,방위사업청,기록관리 따라하기(2022년 최신)_1차수
2022,방위사업청,기록관리 따라하기_1차수
2022,방위사업청,기록으로 만나는 대한민국 이야기_1차수
2022,방위사업청,기본원가 이론 및 산정방법_1차수
2022,방위사업청,기술관리의 이해_1차수
2022,방위사업청,긴급복지지원 신고의무자교육_1차수
2022,방위사업청,나토목록체계_1차수
2022,방위사업청,데이터 리더십_1차수
2022,방위사업청,데이터 리터러시_1차수
2022,방위사업청,데이터 마인드_1차수
2022,방위사업청,무기체계 SW정책소개_1차수
2022,방위사업청,무기체계 개요_1차수
2022,방위사업청,무기체계 상호운용성 정책_1차수
2022,방위사업청,무기체계 주파수 획득절차_1차수
2022,방위사업청,무기체계연구개발 사업관리절차_1차수
2022,방위사업청,무역실무_1차수
2022,방위사업청,문화와 생활 속 청렴 시즌2_1차수
2022,방위사업청,문화와 생활 속 청렴_1차수
2022,방위사업청,미래첨단기술(국방AI) : 1. 인공지능과 국방_1차수
2022,방위사업청,미래첨단기술(국방AI) : 2. 국방 AI를 위한 도전적 요소_1차수
2022,방위사업청,미래첨단기술(국방AI) : 3. 국방 AI 인프라 서비스_1차수
2022,방위사업청,미래첨단기술(국방AI) : 4. 국방 시각 AI 서비스_1차수
2022,방위사업청,미래첨단기술(국방AI) : 5. 국방 의사결정 AI 서비스_1차수
2022,방위사업청,규격관리_1차수
2022,방위사업청,국제운송업무 및 보험_1차수
2022,방위사업청,감사_1차수
2022,방위사업청,갑질 근절 교육_1차수
2022,방위사업청,개인정보보호법 이해하기(2022년 최신)_1차수
2022,방위사업청,고충민원대응기법 및 사례분석_1차수
2022,방위사업청,공공데이터로 만들어가는 새로운 세상_1차수
2022,방위사업청,공공부문 아동학대 예방교육_1차수
2022,방위사업청,공공재정환수법_1차수
2022,방위사업청,공공재정환수법의 이해_1차수
2022,방위사업청,공직자 안보교육_1차수
2022,방위사업청,공직자의 이해충돌방지법의 이해_1차수
2022,방위사업청,국가계약법_1차수
2022,방위사업청,국내조달 관리_1차수
2022,방위사업청,국방 인공지능(AI) 적용 현재와 미래_1차수
2022,방위사업청,국방계약 원가관리_1차수
2022,방위사업청,국방과학기술정책/실행계획_1차수
2022,방위사업청,국방과학기술정책과 기획_1차수
2022,방위사업청,국방기획관리_1차수
2022,방위사업청,국방목록업무_1차수
2022,방위사업청,"국방표준종합정보시스템(KDSIS,규격)_1차수"
2022,방위사업청,국제계약 개요(상업구매)_1차수
2022,방위사업청,국제계약 표준조건 해설_1차수
2022,방위사업청,국제계약절차_1차수
2022,방위사업청,미래첨단기술(국방AI) : 6. AI기반 해상감시 활용_1차수
2022,방위사업청,사례로 배우는 청탁금지법(2022년 최신)_1차수
2022,방위사업청,비용분석/EVMS_1차수
2022,방위사업청,분석평가의 이해_1차수
2022,방위사업청,분석평가와 관련 법령_1차수
2022,방위사업청,분석평가방법론_1차수
2022,방위사업청,분석평가_1차수
2022,방위사업청,분산 시뮬레이션 아키텍쳐_1차수
2022,방위사업청,부패상황 자각하기_1차수
2022,방위사업청,부패상황 자각하기(2022년 최신)_1차수
2022,방위사업청,방위살림꾼 기초지식_1차수
2022,방위사업청,사례로 배우는 청탁금지법_1차수
2022,방위사업청,사례로 보는 기록관리의 중요성_1차수
2022,방위사업청,사업성과관리(EVM) 이해_1차수
2022,방위사업청,사업착수이전단계 업무_1차수
2022,방위사업청,사후분석 절차/사례_1차수
2022,방위사업청,상업구매 관리_1차수
2022,방위사업청,성과관리(EVM) 실무_1차수
2022,방위사업청,성인지력향상 과정(젠더감수성의 이해)_1차수
2022,방위사업청,세상을 바꾸는 힘 공익신고(2022년 최신)_1차수
2022,방위사업청,"세상을 바꾸는 힘, 공익신고_1차수"
2022,방위사업청,소방 교육 및 훈련_1차수
2022,방위사업청,시설사업기본계획수립_1차수
2022,방위사업청,신개념기술시범 사업절차 이해_1차수
2022,방위사업청,방위산업정책 (2008년)_1차수
2022,방위사업청,방위사업청 성과관리와 평가제도_1차수
2022,방위사업청,미래첨단기술(메타버스) : 2. 지능형 증강현실(AR) 서비스_1차수
2022,방위사업청,미래첨단기술(메타버스) : 3. 실사기반 3D 가상공간 구축 및 응용_1차수
2022,방위사업청,미래첨단기술(메타버스) : 4. AI기반의 메타버스 환경 패션상품 제작_1차수
2022,방위사업청,미래첨단기술(메타버스) : 5. AI기반의 메타버스의 도래와  디지털 휴먼기_1차수
2022,방위사업청,미래첨단기술(메타버스) : 6. 확장현실(XR) 기술 및 융합 산업_1차수
2022,방위사업청,미래첨단기술(메타버스) : 7. 전투원 위치공간 인지증강 AR/MR 서비스_1차수
2022,방위사업청,미래첨단기술(메타버스) : 8. 국방 메타버스 VR 훈련시스템_1차수
2022,방위사업청,미래첨단기술(항공우주) : 1. 국방우주 개론_1차수
2022,방위사업청,미래첨단기술(항공우주) : 2. 위성시스템 기술_1차수
2022,방위사업청,미래첨단기술(항공우주) : 3. 우주 발사체 개요_1차수
2022,방위사업청,미래첨단기술(항공우주) : 4. 위성플랫폼 기술_1차수
2022,방위사업청,민원실무(2022년 최신)_1차수
2022,방위사업청,민원실무_1차수
2022,방위사업청,방산기술 보호 및 관리_1차수
2022,방위사업청,방산수출 정책 및 제도_1차수
2022,방위사업청,방산수출입통제 제도의 이해_1차수
2022,방위사업청,방산원가 대상물자의 원가계산_1차수
2022,방위사업청,방산제비율_1차수
2022,방위사업청,방위사업 개요 (2011년)_1차수
2022,방위사업청,방위사업 관리체계 및 절차_1차수
2022,방위사업청,방위사업 정책 (2012년)_1차수
2022,방위사업청,방위사업계약 특례_1차수
2022,방위사업청,방위사업법령/규정_1차수
2022,방위사업청,신속연구개발사업 추진절차_1차수
2022,방위사업청,알기 쉬운 이해충돌방지법_1차수
2022,방위사업청,알기쉬운 방산원가 및 계약제도_1차수
2022,방위사업청,제안요청서 작성 및 제안서 평가_1차수
2022,방위사업청,조달계획 예산관리_1차수
2022,방위사업청,종합군수지원_1차수
2022,방위사업청,지출관리_1차수
2022,방위사업청,청 정보화 소개_1차수
2022,방위사업청,청렴 북 콘서트_1차수
2022,방위사업청,"청렴, 미래를 위한 약속_1차수"
2022,방위사업청,청탁금지법의 이해_1차수
2022,방위사업청,체계공학 SE 이해_1차수
2022,방위사업청,품질관리_1차수
2022,방위사업청,프로젝트 관리 지식체계 소개_1차수
2022,방위사업청,프로젝트 범위관리_1차수
2022,방위사업청,프로젝트 의사소통관리_1차수
2022,방위사업청,프로젝트 인적자원관리_1차수
2022,방위사업청,프로젝트 일정관리_1차수
2022,방위사업청,프로젝트 통합관리_1차수
2022,방위사업청,프로젝트 품질관리_1차수
2022,방위사업청,프로젝트관리 개요_1차수
2022,방위사업청,한국정치와 방위사업(김종대 前의원 특강)_1차수
2022,방위사업청,한반도 통일 역사와 문화 유산(2022년 최신)_1차수
2022,방위사업청,한반도 통일 역사와 문화유산_1차수
2022,방위사업청,협상기법_1차수
2022,방위사업청,획득관리와 체계공학_1차수
2022,방위사업청,"정책, 현장 기록으로 보는 기록관리의 중요성_1차수"
2022,방위사업청,정부조달협정_1차수
2022,방위사업청,언론홍보 전략 및 보도자료 작성법_1차수
2022,방위사업청,엑셀 하나로 나의 보고서가 달라진다! 데이터 분석 기초편_1차수
2022,방위사업청,연구개발 정책 (2012년)_1차수
2022,방위사업청,연구개발사업 규격화 업무_1차수
2022,방위사업청,온라인 방위산업기술보호 교육_1차수
2022,방위사업청,온라인방위사업기술보호교육(2022년 최신)_1차수
2022,방위사업청,위험관리_1차수
2022,방위사업청,응급처치법(심폐소생술)_1차수
2022,방위사업청,이해충돌방지법 길라잡이 교육 영상(국민권익위원회)_1차수
2022,방위사업청,이해충돌방지법_1차수
2022,방위사업청,일상의 평등 ON - 폭력예방교육_1차수
2022,방위사업청,자체 수준측정 업무수행 절차_1차수
2022,방위사업청,장애인식개선 통합교육(직장내 및 사회적 인식개선)_1차수
2022,방위사업청,장애인식개선교육인식의 길라잡이_1차수
2022,방위사업청,장애인식개선교육인식의 새로고침_1차수
2022,방위사업청,적극행정 초빙교육(기본 및 심화)_1차수
2022,방위사업청,전력발전업무 (2018년)_1차수
2022,방위사업청,전장관리정보체계_1차수
2022,방위사업청,전장변화와 전력소요기획_1차수
2022,방위사업청,정보공개제도_1차수
2022,방위사업청,정보보안_1차수
2022,방위사업청,정부계약 개요_1차수
2022,방위사업청,정부계약제도_1차수
2022,방위사업청,미래첨단기술(메타버스) : 1. 메타버스의 이해와 전망_1차수
2022,방위사업청,미래첨단기술(국방AI) : 8. 서비스 로봇 기술 및 응용_1차수
2022,방위사업청,<시범제작> 청 직원이면 꼭 알아야 할 방위사업 기본개념_1차수
2022,방위사업청,<시범제작> 초보자도 쉽게 따라할 수 있는 연구개발사업 협상 Knowhow_1차수
2022,방위사업청,<시범제작> 최근 한국 방위사업의 정책 - 신속획득제도를 중심으로_1차수
2022,방위사업청,<시범제작> 통합체계지원(IPS)의 이해_1차수
2022,방위사업청,<시범제작> 패키지 시설사업의 이해_1차수
2022,방위사업청,<시범제작> 행정기본법_1차수
2022,방위사업청,<시범제작> 행정소송법_1차수
2022,방위사업청,"<시범제작> 헌법, 법령체계의 이해_1차수"
2022,방위사업청,AI를 활용한 공공서비스 기획_1차수
2022,방위사업청,EVMS 소개_1차수
2022,방위사업청,FMS 가격구성 및 대금지불_1차수
2022,방위사업청,FMS구매 관리_1차수
2022,방위사업청,FMS제도 개요_1차수
2022,방위사업청,M&S VV&A_1차수
2022,방위사업청,M&S 기반 교육훈련_1차수
2022,방위사업청,M&S 기반 소요개발_1차수
2022,방위사업청,M&S 기반 시험평가_1차수
2022,방위사업청,M&S 기반 연구개발_1차수
2022,방위사업청,M&S 기술 총론(중급)_1차수
2022,방위사업청,M&S 기술 총론(초급)_1차수
2022,방위사업청,M&S 기초_1차수
2022,방위사업청,M&S 체계 사업관리_1차수
2022,방위사업청,RAM 제도 업무 소개_1차수
2022,방위사업청,<시범제작> 절충교역 관련 용어 해설_1차수
2022,방위사업청,<시범제작> 전장변화와 전력소요 기획_1차수
2022,방위사업청,"'공직자로 청렴하게 살아가는 방법, 이해충돌방지법'_1차수"
2022,방위사업청,(신)개인정보보호법 이해하기_1차수
2022,방위사업청,2020 적극행정 추진방안_1차수
2022,방위사업청,2022 알기쉬운 공직자 행동강령_1차수
2022,방위사업청,22-1차 원가분석사 1차 대비과정_1차수
2022,방위사업청,22-1차 원가분석사 2차 대비과정_1차수
2022,방위사업청,4대폭력 예방교육_1차수
2022,방위사업청,"<시범제작>  EMI, EMC로 보는 협상우위 선점을 위한 찐 꿀팁 하나_1차수"
2022,방위사업청,<시범제작> FMS 구매 관련 용어 해설_1차수
2022,방위사업청,<시범제작> 계약 관련 보증서 관리방법_1차수
2022,방위사업청,<시범제작> 계약의 개념 및 요건_1차수
2022,방위사업청,<시범제작> 국제 무역거래 흐름 - 방위사업청 국외구매 계약을 중심으로_1차수
2022,방위사업청,<시범제작> 국제계약시 대금결제 방법_1차수
2022,방위사업청,<시범제작> 기술관리 일반_1차수
2022,방위사업청,<시범제작> 방위사업 정책의 이해_1차수
2022,방위사업청,<시범제작> 방위사업법 - 계약 법리를 중심으로_1차수
2022,방위사업청,<시범제작> 분석평가의 개념과 역할_1차수
2022,방위사업청,<시범제작> 사례를 통해 알아보는 구매사업 절차 -  해상작전헬기 1차사업_1차수
2022,방위사업청,<시범제작> 신박한 정리 - 항공무기체계 개론_1차수
2022,방위사업청,<시범제작> 신박한 정리_요구도 관리_1차수
2022,방위사업청,<시범제작> 알기 쉬운 계약! 계약? 계약이 뭐예요?_1차수
2022,방위사업청,<시범제작> 알기 쉬운 국제부품 확정계약_1차수
2022,방위사업청,<시범제작> 예산편성 제도의 실제_1차수
2022,방위사업청,SBA_1차수
2022,방위사업청,SE프로세스기반 기술개발 및 관리 사례_1차수
2022,방위사업청,감사_1차수
2022,방위사업청,기록으로 만나는 대한민국 이야기_1차수
2022,방위사업청,기본원가 이론 및 산정방법_1차수
2022,방위사업청,기술관리의 이해_1차수
2022,방위사업청,긴급복지지원 신고의무자교육_1차수
2022,방위사업청,나토목록체계_1차수
2022,방위사업청,데이터 리더십_1차수
2022,방위사업청,데이터 리터러시_1차수
2022,방위사업청,데이터 마인드_1차수
2022,방위사업청,무기체계 SW정책소개_1차수
2022,방위사업청,무기체계 개요_1차수
2022,방위사업청,무기체계 상호운용성 정책_1차수
2022,방위사업청,무기체계 주파수 획득절차_1차수
2022,방위사업청,무기체계연구개발 사업관리절차_1차수
2022,방위사업청,무역실무_1차수
2022,방위사업청,문화와 생활 속 청렴 시즌2_1차수
2022,방위사업청,문화와 생활 속 청렴_1차수
2022,방위사업청,미래첨단기술(국방AI) : 1. 인공지능과 국방_1차수
2022,방위사업청,미래첨단기술(국방AI) : 2. 국방 AI를 위한 도전적 요소_1차수
2022,방위사업청,미래첨단기술(국방AI) : 3. 국방 AI 인프라 서비스_1차수
2022,방위사업청,미래첨단기술(국방AI) : 4. 국방 시각 AI 서비스_1차수
2022,방위사업청,미래첨단기술(국방AI) : 5. 국방 의사결정 AI 서비스_1차수
2022,방위사업청,미래첨단기술(국방AI) : 6. AI기반 해상감시 활용_1차수
2022,방위사업청,미래첨단기술(국방AI) : 7. 드론 자율비행 기술_1차수
2022,방위사업청,기록관리 따라하기_1차수
2022,방위사업청,기록관리 따라하기(2022년 최신)_1차수
2022,방위사업청,개인정보보호법 이해하기(2022년 최신)_1차수
2022,방위사업청,고충민원대응기법 및 사례분석_1차수
2022,방위사업청,공공데이터로 만들어가는 새로운 세상_1차수
2022,방위사업청,공공부문 아동학대 예방교육_1차수
2022,방위사업청,공공재정환수법_1차수
2022,방위사업청,공공재정환수법의 이해_1차수
2022,방위사업청,공직자 안보교육_1차수
2022,방위사업청,공직자의 이해충돌방지법의 이해_1차수
2022,방위사업청,국가계약법_1차수
2022,방위사업청,국내조달 관리_1차수
2022,방위사업청,국방 인공지능(AI) 적용 현재와 미래_1차수
2022,방위사업청,국방계약 원가관리_1차수
2022,방위사업청,국방과학기술정책/실행계획_1차수
2022,방위사업청,국방과학기술정책과 기획_1차수
2022,방위사업청,국방기획관리_1차수
2022,방위사업청,국방목록업무_1차수
2022,방위사업청,"국방표준종합정보시스템(KDSIS,규격)_1차수"
2022,방위사업청,국제계약 개요(상업구매)_1차수
2022,방위사업청,국제계약 표준조건 해설_1차수
2022,방위사업청,국제계약절차_1차수
2022,방위사업청,국제운송업무 및 보험_1차수
2022,방위사업청,규격관리_1차수
2022,방위사업청,갑질 근절 교육_1차수
2023,국제경제정보센터,원가분석사 1차 대비과정_1차수
2023,국제경제정보센터,원가분석사 1차 대비과정_1차수
2023,방위사업청,미래첨단기술(메타버스) : 6. 확장현실(XR) 기술 및 융합 산업_1차수
2023,방위사업청,분석평가방법론_1차수
2023,방위사업청,분석평가와 관련 법령_1차수
2023,방위사업청,분석평가의 이해_1차수
2023,방위사업청,비용분석/EVMS_1차수
2023,방위사업청,"사람을 움직이는 유일한 방법, 소통과 공감_1차수"
2023,방위사업청,사례로 배우는 청탁금지법(2022년 최신)_1차수
2023,방위사업청,사례로 보는 기록관리의 중요성_1차수
2023,방위사업청,사업관리 무기체계 과정 3_국방사업특수관리 영역 I_1차수
2023,방위사업청,사업관리 무기체계 과정 4_국방사업특수관리 영역 II_1차수
2023,방위사업청,사업관리 정보체계 과정 1_프로젝트 관리_1차수
2023,방위사업청,사업관리 정보체계 과정 2_국방사업 수행체계 및 착수관리_1차수
2023,방위사업청,사업관리 정보체계 과정 3_국방사업특수관리 영역 I_1차수
2023,방위사업청,사업관리 정보체계 과정 4_국방사업특수관리 영역 II_1차수
2023,방위사업청,사업성과관리(EVM) 이해_1차수
2023,방위사업청,사업착수이전단계 업무_1차수
2023,방위사업청,사후분석 절차/사례_1차수
2023,방위사업청,상업구매 관리_1차수
2023,방위사업청,성과관리(EVM) 실무_1차수
2023,방위사업청,성인지력향상 과정(젠더감수성의 이해)_1차수
2023,방위사업청,세상을 바꾸는 힘 공익신고(2022년 최신)_1차수
2023,방위사업청,시설사업기본계획수립_1차수
2023,방위사업청,신개념기술시범 사업절차 이해_1차수
2023,방위사업청,신속연구개발사업 추진절차_1차수
2023,방위사업청,분석평가_1차수
2023,방위사업청,분석평가 제도 및 규정 사전교육_1차수
2023,방위사업청,분산 시뮬레이션 아키텍쳐_1차수
2023,방위사업청,미래첨단기술(메타버스) : 7. 전투원 위치공간 인지증강 AR/MR 서비스_1차수
2023,방위사업청,미래첨단기술(메타버스) : 8. 국방 메타버스 VR 훈련시스템_1차수
2023,방위사업청,미래첨단기술(항공우주) : 1. 국방우주 개론_1차수
2023,방위사업청,미래첨단기술(항공우주) : 2. 위성시스템 기술_1차수
2023,방위사업청,미래첨단기술(항공우주) : 3. 우주 발사체 개요_1차수
2023,방위사업청,미래첨단기술(항공우주) : 4. 위성플랫폼 기술_1차수
2023,방위사업청,민원실무(2022년 최신)_1차수
2023,방위사업청,방산 원가관리 사전교육_1차수
2023,방위사업청,방산기술 보호 및 관리_1차수
2023,방위사업청,방산수출 정책 및 제도_1차수
2023,방위사업청,방산수출입통제 제도의 이해_1차수
2023,방위사업청,방산원가 대상물자의 원가계산_1차수
2023,방위사업청,방산제비율_1차수
2023,방위사업청,방위사업 감독업무 직무교육_1차수
2023,방위사업청,방위사업 개요 (2011년)_1차수
2023,방위사업청,방위사업 관리체계 및 절차_1차수
2023,방위사업청,방위사업 정책 (2012년)_1차수
2023,방위사업청,방위사업계약 특례_1차수
2023,방위사업청,방위사업법령/규정_1차수
2023,방위사업청,방위사업청 성과관리와 평가제도_1차수
2023,방위사업청,방위산업정책 (2008년)_1차수
2023,방위사업청,방위살림꾼 기초지식_1차수
2023,방위사업청,부패상황 자각하기(2022년 최신)_1차수
2023,방위사업청,알기쉬운 방산원가 및 계약제도_1차수
2023,방위사업청,언론홍보 전략 및 보도자료 작성법_1차수
2023,방위사업청,정부계약제도_1차수
2023,방위사업청,정부조달협정_1차수
2023,방위사업청,"정책, 현장 기록으로 보는 기록관리의 중요성_1차수"
2023,방위사업청,제안요청서 작성 및 제안서 평가_1차수
2023,방위사업청,조달계획 예산관리_1차수
2023,방위사업청,종합군수지원_1차수
2023,방위사업청,지출관리_1차수
2023,방위사업청,차원이 다른 디지털 커뮤니케이션_1차수
2023,방위사업청,청 정보화 소개_1차수
2023,방위사업청,청렴 북 콘서트_1차수
2023,방위사업청,체계공학 SE 이해_1차수
2023,방위사업청,품질관리_1차수
2023,방위사업청,프로젝트 관리 지식체계 소개_1차수
2023,방위사업청,프로젝트 범위관리_1차수
2023,방위사업청,프로젝트 의사소통관리_1차수
2023,방위사업청,프로젝트 인적자원관리_1차수
2023,방위사업청,프로젝트 일정관리_1차수
2023,방위사업청,프로젝트 통합관리_1차수
2023,방위사업청,프로젝트 품질관리_1차수
2023,방위사업청,프로젝트관리 개요_1차수
2023,방위사업청,한국정치와 방위사업(김종대 前의원 특강)_1차수
2023,방위사업청,한반도 통일 역사와 문화 유산(2022년 최신)_1차수
2023,방위사업청,협상기법_1차수
2023,방위사업청,획득관리와 체계공학_1차수
2023,방위사업청,정부계약 개요_1차수
2023,방위사업청,정보보안_1차수
2023,방위사업청,엑셀 하나로 나의 보고서가 달라진다! 데이터 분석 기초편_1차수
2023,방위사업청,여성폭력 2차피해 온라인교육(업무담당자용)_1차수
2023,방위사업청,여성폭력 2차피해 온라인교육(직원용)_1차수
2023,방위사업청,연구개발 정책 (2012년)_1차수
2023,방위사업청,연구개발사업 규격화 업무_1차수
2023,방위사업청,온라인방위사업기술보호교육(2022년 최신)_1차수
2023,방위사업청,우크라이나 전쟁 전훈 분석_1차수
2023,방위사업청,위험관리_1차수
2023,방위사업청,응급처치법(심폐소생술)_1차수
2023,방위사업청,이해충돌방지법 길라잡이 교육 영상(국민권익위원회)_1차수
2023,방위사업청,이해충돌방지법_1차수
2023,방위사업청,인정받는 사람들의 말습관_1차수
2023,방위사업청,일상의 평등 ON - 폭력예방교육_1차수
2023,방위사업청,자체 수준측정 업무수행 절차_1차수
2023,방위사업청,장애인식개선 통합교육(직장내 및 사회적 인식개선)_1차수
2023,방위사업청,장애인식개선교육인식의 길라잡이_1차수
2023,방위사업청,장애인식개선교육인식의 새로고침_1차수
2023,방위사업청,적극적으로 일 잘하는 공무원 되기(관리자편)_1차수
2023,방위사업청,적극적으로 일 잘하는 공무원 되기(실무자편)_1차수
2023,방위사업청,적극행정 초빙교육(기본 및 심화)_1차수
2023,방위사업청,전력발전업무 (2018년)_1차수
2023,방위사업청,전장관리정보체계_1차수
2023,방위사업청,전장변화와 전력소요기획_1차수
2023,방위사업청,정보공개제도_1차수
2023,방위사업청,미래첨단기술(메타버스) : 5. AI기반의 메타버스의 도래와  디지털 휴먼기_1차수
2023,방위사업청,미래첨단기술(메타버스) : 4. AI기반의 메타버스 환경 패션상품 제작_1차수
2023,방위사업청,미래첨단기술(메타버스) : 3. 실사기반 3D 가상공간 구축 및 응용_1차수
2023,방위사업청,<시범제작> 최근 한국 방위사업의 정책 - 신속획득제도를 중심으로_1차수
2023,방위사업청,<시범제작> 통합체계지원(IPS)의 이해_1차수
2023,방위사업청,<시범제작> 패키지 시설사업의 이해_1차수
2023,방위사업청,<시범제작> 행정기본법_1차수
2023,방위사업청,<시범제작> 행정소송법_1차수
2023,방위사업청,"<시범제작> 헌법, 법령체계의 이해_1차수"
2023,방위사업청,AI를 활용한 공공서비스 기획_1차수
2023,방위사업청,EVMS 소개_1차수
2023,방위사업청,FMS 가격구성 및 대금지불_1차수
2023,방위사업청,FMS구매 관리_1차수
2023,방위사업청,FMS제도 개요_1차수
2023,방위사업청,M&S VV&A_1차수
2023,방위사업청,M&S 기반 교육훈련_1차수
2023,방위사업청,M&S 기반 소요개발_1차수
2023,방위사업청,M&S 기반 시험평가_1차수
2023,방위사업청,M&S 기반 연구개발_1차수
2023,방위사업청,M&S 기술 총론(중급)_1차수
2023,방위사업청,M&S 기술 총론(초급)_1차수
2023,방위사업청,M&S 기초_1차수
2023,방위사업청,M&S 체계 사업관리_1차수
2023,방위사업청,RAM 제도 업무 소개_1차수
2023,방위사업청,SBA_1차수
2023,방위사업청,SE프로세스기반 기술개발 및 관리 사례_1차수
2023,방위사업청,감사_1차수
2023,방위사업청,<시범제작> 초보자도 쉽게 따라할 수 있는 연구개발사업 협상 Knowhow_1차수
2023,방위사업청,<시범제작> 청 직원이면 꼭 알아야 할 방위사업 기본개념_1차수
2023,방위사업청,사업관리 무기체계 과정 2_국방사업 수행체계 및 착수관리_1차수
2023,방위사업청,"(고위급) '21년 성인지력 향상 및 성매매, 가정폭력 예방교육_1차수"
2023,방위사업청,2020 적극행정 추진방안_1차수
2023,방위사업청,2023  공직자 정기 재산변동신고 설명회_1차수
2023,방위사업청,2023 공직자 안보교육(궁금한 우리 안보 이야기)_1차수
2023,방위사업청,4대폭력 예방교육_1차수
2023,방위사업청,"<시범제작>  EMI, EMC로 보는 협상우위 선점을 위한 찐 꿀팁 하나_1차수"
2023,방위사업청,<시범제작> FMS 구매 관련 용어 해설_1차수
2023,방위사업청,<시범제작> 계약 관련 보증서 관리방법_1차수
2023,방위사업청,<시범제작> 계약의 개념 및 요건_1차수
2023,방위사업청,<시범제작> 국제 무역거래 흐름 - 방위사업청 국외구매 계약을 중심으로_1차수
2023,방위사업청,<시범제작> 국제계약시 대금결제 방법_1차수
2023,방위사업청,<시범제작> 기술관리 일반_1차수
2023,방위사업청,<시범제작> 방위사업 정책의 이해_1차수
2023,방위사업청,<시범제작> 방위사업법 - 계약 법리를 중심으로_1차수
2023,방위사업청,<시범제작> 분석평가의 개념과 역할_1차수
2023,방위사업청,<시범제작> 사례를 통해 알아보는 구매사업 절차 -  해상작전헬기 1차사업_1차수
2023,방위사업청,<시범제작> 신박한 정리 - 항공무기체계 개론_1차수
2023,방위사업청,<시범제작> 신박한 정리_요구도 관리_1차수
2023,방위사업청,<시범제작> 알기 쉬운 계약! 계약? 계약이 뭐예요?_1차수
2023,방위사업청,<시범제작> 알기 쉬운 국제부품 확정계약_1차수
2023,방위사업청,<시범제작> 예산편성 제도의 실제_1차수
2023,방위사업청,<시범제작> 전장변화와 전력소요 기획_1차수
2023,방위사업청,<시범제작> 절충교역 관련 용어 해설_1차수
2023,방위사업청,갑질 근절 교육_1차수
2023,방위사업청,개인정보보호법 이해하기(2022년 최신)_1차수
2023,방위사업청,나토목록체계_1차수
2023,방위사업청,데이터 리더십_1차수
2023,방위사업청,데이터 리터러시_1차수
2023,방위사업청,데이터 마인드_1차수
2023,방위사업청,러시아-우크라이나 전쟁으로 보는 한국군 전력증강방향 시사점_1차수
2023,방위사업청,마음을 읽는 소통형 리더의 기술_1차수
2023,방위사업청,무기체계 SW정책소개_1차수
2023,방위사업청,무기체계 개요_1차수
2023,방위사업청,무기체계 상호운용성 정책_1차수
2023,방위사업청,무기체계 주파수 획득절차_1차수
2023,방위사업청,무기체계연구개발 사업관리절차_1차수
2023,방위사업청,무역실무_1차수
2023,방위사업청,문화와 생활 속 청렴 시즌2_1차수
2023,방위사업청,문화와 생활 속 청렴_1차수
2023,방위사업청,미래첨단기술(국방AI) : 1. 인공지능과 국방_1차수
2023,방위사업청,미래첨단기술(국방AI) : 2. 국방 AI를 위한 도전적 요소_1차수
2023,방위사업청,미래첨단기술(국방AI) : 3. 국방 AI 인프라 서비스_1차수
2023,방위사업청,미래첨단기술(국방AI) : 4. 국방 시각 AI 서비스_1차수
2023,방위사업청,미래첨단기술(국방AI) : 5. 국방 의사결정 AI 서비스_1차수
2023,방위사업청,미래첨단기술(국방AI) : 6. AI기반 해상감시 활용_1차수
2023,방위사업청,미래첨단기술(국방AI) : 7. 드론 자율비행 기술_1차수
2023,방위사업청,미래첨단기술(국방AI) : 8. 서비스 로봇 기술 및 응용_1차수
2023,방위사업청,미래첨단기술(메타버스) : 1. 메타버스의 이해와 전망_1차수
2023,방위사업청,미래첨단기술(메타버스) : 2. 지능형 증강현실(AR) 서비스_1차수
2023,방위사업청,긴급복지지원 신고의무자교육_1차수
2023,방위사업청,기술관리의 이해_1차수
2023,방위사업청,고충민원대응기법 및 사례분석_1차수
2023,방위사업청,공공데이터로 만들어가는 새로운 세상_1차수
2023,방위사업청,공공부문 아동학대 예방교육_1차수
2023,방위사업청,공공재정환수법_1차수
2023,방위사업청,공공재정환수법의 이해(2023)_1차수
2023,방위사업청,공직자의 이해충돌방지법의 이해_1차수
2023,방위사업청,국가계약법_1차수
2023,방위사업청,국내 계약관리 사전교육_1차수
2023,방위사업청,국내조달 관리_1차수
2023,방위사업청,국방 인공지능(AI) 적용 현재와 미래_1차수
2023,방위사업청,국방계약 원가관리_1차수
2023,방위사업청,국방과학기술정책/실행계획_1차수
2023,방위사업청,국방과학기술정책과 기획_1차수
2023,방위사업청,기본원가 이론 및 산정방법_1차수
2023,방위사업청,기록으로 만나는 대한민국 이야기_1차수
2023,방위사업청,기록관리 따라하기(2022년 최신)_1차수
2023,방위사업청,규격관리_1차수
2023,방위사업청,국제운송업무 및 보험_1차수
2023,방위사업청,국제계약절차_1차수
2023,방위사업청,국제계약 표준조건 해설_1차수
2023,방위사업청,국제계약 개요(상업구매)_1차수
2023,방위사업청,"국방표준종합정보시스템(KDSIS,규격)_1차수"
2023,방위사업청,국방목록업무_1차수
2023,방위사업청,국방기획관리_1차수
2023,방위사업청,사업관리 무기체계 과정 1_프로젝트 관리(참고강의)_1차수
2023,방위사업청,신개념기술시범 사업절차 이해_1차수
2023,방위사업청,분석평가방법론_1차수
2023,방위사업청,분석평가와 관련 법령_1차수
2023,방위사업청,분석평가의 이해_1차수
2023,방위사업청,비용분석/EVMS_1차수
2023,방위사업청,"사람을 움직이는 유일한 방법, 소통과 공감_1차수"
2023,방위사업청,사례로 배우는 청탁금지법(2022년 최신)_1차수
2023,방위사업청,사례로 보는 기록관리의 중요성_1차수
2023,방위사업청,사업관리 무기체계 과정 1_프로젝트 관리(참고강의)_1차수
2023,방위사업청,사업관리 무기체계 과정 2_국방사업 수행체계 및 착수관리_1차수
2023,방위사업청,사업관리 무기체계 과정 3_국방사업특수관리 영역 I_1차수
2023,방위사업청,사업관리 무기체계 과정 4_국방사업특수관리 영역 II_1차수
2023,방위사업청,사업관리 정보체계 과정 1_프로젝트 관리_1차수
2023,방위사업청,사업관리 정보체계 과정 2_국방사업 수행체계 및 착수관리_1차수
2023,방위사업청,사업관리 정보체계 과정 3_국방사업특수관리 영역 I_1차수
2023,방위사업청,사업관리 정보체계 과정 4_국방사업특수관리 영역 II_1차수
2023,방위사업청,사업성과관리(EVM) 이해_1차수
2023,방위사업청,사업착수이전단계 업무_1차수
2023,방위사업청,사후분석 절차/사례_1차수
2023,방위사업청,상업구매 관리_1차수
2023,방위사업청,성과관리(EVM) 실무_1차수
2023,방위사업청,성인지력향상 과정(젠더감수성의 이해)_1차수
2023,방위사업청,세상을 바꾸는 힘 공익신고(2022년 최신)_1차수
2023,방위사업청,시설사업기본계획수립_1차수
2023,방위사업청,분석평가_1차수
2023,방위사업청,분석평가 제도 및 규정 사전교육_1차수
2023,방위사업청,미래첨단기술(메타버스) : 7. 전투원 위치공간 인지증강 AR/MR 서비스_1차수
2023,방위사업청,미래첨단기술(메타버스) : 8. 국방 메타버스 VR 훈련시스템_1차수
2023,방위사업청,미래첨단기술(항공우주) : 1. 국방우주 개론_1차수
2023,방위사업청,미래첨단기술(항공우주) : 2. 위성시스템 기술_1차수
2023,방위사업청,미래첨단기술(항공우주) : 3. 우주 발사체 개요_1차수
2023,방위사업청,미래첨단기술(항공우주) : 4. 위성플랫폼 기술_1차수
2023,방위사업청,민원실무(2022년 최신)_1차수
2023,방위사업청,방산 원가관리 사전교육_1차수
2023,방위사업청,방산기술 보호 및 관리_1차수
2023,방위사업청,방산수출 정책 및 제도_1차수
2023,방위사업청,방산수출입통제 제도의 이해_1차수
2023,방위사업청,방산원가 대상물자의 원가계산_1차수
2023,방위사업청,방산제비율_1차수
2023,방위사업청,방위사업 감독업무 직무교육_1차수
2023,방위사업청,방위사업 개요 (2011년)_1차수
2023,방위사업청,방위사업 관리체계 및 절차_1차수
2023,방위사업청,방위사업 정책 (2012년)_1차수
2023,방위사업청,방위사업계약 특례_1차수
2023,방위사업청,방위사업법령/규정_1차수
2023,방위사업청,방위사업청 성과관리와 평가제도_1차수
2023,방위사업청,방위산업정책 (2008년)_1차수
2023,방위사업청,방위살림꾼 기초지식_1차수
2023,방위사업청,부패상황 자각하기(2022년 최신)_1차수
2023,방위사업청,분산 시뮬레이션 아키텍쳐_1차수
2023,방위사업청,신속연구개발사업 추진절차_1차수
2023,방위사업청,알기쉬운 방산원가 및 계약제도_1차수
2023,방위사업청,언론홍보 전략 및 보도자료 작성법_1차수
2023,방위사업청,정부계약제도_1차수
2023,방위사업청,정부조달협정_1차수
2023,방위사업청,"정책, 현장 기록으로 보는 기록관리의 중요성_1차수"
2023,방위사업청,제안요청서 작성 및 제안서 평가_1차수
2023,방위사업청,조달계획 예산관리_1차수
2023,방위사업청,종합군수지원_1차수
2023,방위사업청,지출관리_1차수
2023,방위사업청,차원이 다른 디지털 커뮤니케이션_1차수
2023,방위사업청,청 정보화 소개_1차수
2023,방위사업청,청렴 북 콘서트_1차수
2023,방위사업청,체계공학 SE 이해_1차수
2023,방위사업청,품질관리_1차수
2023,방위사업청,프로젝트 관리 지식체계 소개_1차수
2023,방위사업청,프로젝트 범위관리_1차수
2023,방위사업청,프로젝트 의사소통관리_1차수
2023,방위사업청,프로젝트 인적자원관리_1차수
2023,방위사업청,프로젝트 일정관리_1차수
2023,방위사업청,프로젝트 통합관리_1차수
2023,방위사업청,프로젝트 품질관리_1차수
2023,방위사업청,프로젝트관리 개요_1차수
2023,방위사업청,한국정치와 방위사업(김종대 前의원 특강)_1차수
2023,방위사업청,한반도 통일 역사와 문화 유산(2022년 최신)_1차수
2023,방위사업청,협상기법_1차수
2023,방위사업청,획득관리와 체계공학_1차수
2023,방위사업청,정부계약 개요_1차수
2023,방위사업청,정보보안_1차수
2023,방위사업청,엑셀 하나로 나의 보고서가 달라진다! 데이터 분석 기초편_1차수
2023,방위사업청,여성폭력 2차피해 온라인교육(업무담당자용)_1차수
2023,방위사업청,여성폭력 2차피해 온라인교육(직원용)_1차수
2023,방위사업청,연구개발 정책 (2012년)_1차수
2023,방위사업청,연구개발사업 규격화 업무_1차수
2023,방위사업청,온라인방위사업기술보호교육(2022년 최신)_1차수
2023,방위사업청,우크라이나 전쟁 전훈 분석_1차수
2023,방위사업청,위험관리_1차수
2023,방위사업청,응급처치법(심폐소생술)_1차수
2023,방위사업청,이해충돌방지법 길라잡이 교육 영상(국민권익위원회)_1차수
2023,방위사업청,이해충돌방지법_1차수
2023,방위사업청,인정받는 사람들의 말습관_1차수
2023,방위사업청,일상의 평등 ON - 폭력예방교육_1차수
2023,방위사업청,자체 수준측정 업무수행 절차_1차수
2023,방위사업청,장애인식개선 통합교육(직장내 및 사회적 인식개선)_1차수
2023,방위사업청,장애인식개선교육인식의 길라잡이_1차수
2023,방위사업청,장애인식개선교육인식의 새로고침_1차수
2023,방위사업청,적극적으로 일 잘하는 공무원 되기(관리자편)_1차수
2023,방위사업청,적극적으로 일 잘하는 공무원 되기(실무자편)_1차수
2023,방위사업청,적극행정 초빙교육(기본 및 심화)_1차수
2023,방위사업청,전력발전업무 (2018년)_1차수
2023,방위사업청,전장관리정보체계_1차수
2023,방위사업청,전장변화와 전력소요기획_1차수
2023,방위사업청,정보공개제도_1차수
2023,방위사업청,미래첨단기술(메타버스) : 6. 확장현실(XR) 기술 및 융합 산업_1차수
2023,방위사업청,미래첨단기술(메타버스) : 5. AI기반의 메타버스의 도래와  디지털 휴먼기_1차수
2023,방위사업청,<시범제작> 통합체계지원(IPS)의 이해_1차수
2023,방위사업청,<시범제작> 패키지 시설사업의 이해_1차수
2023,방위사업청,<시범제작> 행정기본법_1차수
2023,방위사업청,<시범제작> 행정소송법_1차수
2023,방위사업청,"<시범제작> 헌법, 법령체계의 이해_1차수"
2023,방위사업청,AI를 활용한 공공서비스 기획_1차수
2023,방위사업청,EVMS 소개_1차수
2023,방위사업청,FMS 가격구성 및 대금지불_1차수
2023,방위사업청,FMS구매 관리_1차수
2023,방위사업청,FMS제도 개요_1차수
2023,방위사업청,M&S VV&A_1차수
2023,방위사업청,M&S 기반 교육훈련_1차수
2023,방위사업청,M&S 기반 소요개발_1차수
2023,방위사업청,M&S 기반 시험평가_1차수
2023,방위사업청,M&S 기반 연구개발_1차수
2023,방위사업청,M&S 기술 총론(중급)_1차수
2023,방위사업청,M&S 기술 총론(초급)_1차수
2023,방위사업청,M&S 기초_1차수
2023,방위사업청,M&S 체계 사업관리_1차수
2023,방위사업청,RAM 제도 업무 소개_1차수
2023,방위사업청,SBA_1차수
2023,방위사업청,SE프로세스기반 기술개발 및 관리 사례_1차수
2023,방위사업청,감사_1차수
2023,방위사업청,갑질 근절 교육_1차수
2023,방위사업청,<시범제작> 최근 한국 방위사업의 정책 - 신속획득제도를 중심으로_1차수
2023,방위사업청,<시범제작> 초보자도 쉽게 따라할 수 있는 연구개발사업 협상 Knowhow_1차수
2023,방위사업청,"(고위급) '21년 성인지력 향상 및 성매매, 가정폭력 예방교육_1차수"
2023,방위사업청,2020 적극행정 추진방안_1차수
2023,방위사업청,2023  공직자 정기 재산변동신고 설명회_1차수
2023,방위사업청,2023 공직자 안보교육(궁금한 우리 안보 이야기)_1차수
2023,방위사업청,4대폭력 예방교육_1차수
2023,방위사업청,"<시범제작>  EMI, EMC로 보는 협상우위 선점을 위한 찐 꿀팁 하나_1차수"
2023,방위사업청,<시범제작> FMS 구매 관련 용어 해설_1차수
2023,방위사업청,<시범제작> 계약 관련 보증서 관리방법_1차수
2023,방위사업청,<시범제작> 계약의 개념 및 요건_1차수
2023,방위사업청,<시범제작> 국제 무역거래 흐름 - 방위사업청 국외구매 계약을 중심으로_1차수
2023,방위사업청,<시범제작> 국제계약시 대금결제 방법_1차수
2023,방위사업청,<시범제작> 기술관리 일반_1차수
2023,방위사업청,<시범제작> 방위사업 정책의 이해_1차수
2023,방위사업청,<시범제작> 방위사업법 - 계약 법리를 중심으로_1차수
2023,방위사업청,<시범제작> 분석평가의 개념과 역할_1차수
2023,방위사업청,<시범제작> 사례를 통해 알아보는 구매사업 절차 -  해상작전헬기 1차사업_1차수
2023,방위사업청,<시범제작> 신박한 정리 - 항공무기체계 개론_1차수
2023,방위사업청,<시범제작> 신박한 정리_요구도 관리_1차수
2023,방위사업청,<시범제작> 알기 쉬운 계약! 계약? 계약이 뭐예요?_1차수
2023,방위사업청,<시범제작> 알기 쉬운 국제부품 확정계약_1차수
2023,방위사업청,<시범제작> 예산편성 제도의 실제_1차수
2023,방위사업청,<시범제작> 전장변화와 전력소요 기획_1차수
2023,방위사업청,<시범제작> 절충교역 관련 용어 해설_1차수
2023,방위사업청,<시범제작> 청 직원이면 꼭 알아야 할 방위사업 기본개념_1차수
2023,방위사업청,개인정보보호법 이해하기(2022년 최신)_1차수
2023,방위사업청,고충민원대응기법 및 사례분석_1차수
2023,방위사업청,공공데이터로 만들어가는 새로운 세상_1차수
2023,방위사업청,데이터 리터러시_1차수
2023,방위사업청,데이터 마인드_1차수
2023,방위사업청,러시아-우크라이나 전쟁으로 보는 한국군 전력증강방향 시사점_1차수
2023,방위사업청,마음을 읽는 소통형 리더의 기술_1차수
2023,방위사업청,무기체계 SW정책소개_1차수
2023,방위사업청,무기체계 개요_1차수
2023,방위사업청,무기체계 상호운용성 정책_1차수
2023,방위사업청,무기체계 주파수 획득절차_1차수
2023,방위사업청,무기체계연구개발 사업관리절차_1차수
2023,방위사업청,무역실무_1차수
2023,방위사업청,문화와 생활 속 청렴 시즌2_1차수
2023,방위사업청,문화와 생활 속 청렴_1차수
2023,방위사업청,미래첨단기술(국방AI) : 1. 인공지능과 국방_1차수
2023,방위사업청,미래첨단기술(국방AI) : 2. 국방 AI를 위한 도전적 요소_1차수
2023,방위사업청,미래첨단기술(국방AI) : 3. 국방 AI 인프라 서비스_1차수
2023,방위사업청,미래첨단기술(국방AI) : 4. 국방 시각 AI 서비스_1차수
2023,방위사업청,미래첨단기술(국방AI) : 5. 국방 의사결정 AI 서비스_1차수
2023,방위사업청,미래첨단기술(국방AI) : 6. AI기반 해상감시 활용_1차수
2023,방위사업청,미래첨단기술(국방AI) : 7. 드론 자율비행 기술_1차수
2023,방위사업청,미래첨단기술(국방AI) : 8. 서비스 로봇 기술 및 응용_1차수
2023,방위사업청,미래첨단기술(메타버스) : 1. 메타버스의 이해와 전망_1차수
2023,방위사업청,미래첨단기술(메타버스) : 2. 지능형 증강현실(AR) 서비스_1차수
2023,방위사업청,미래첨단기술(메타버스) : 3. 실사기반 3D 가상공간 구축 및 응용_1차수
2023,방위사업청,미래첨단기술(메타버스) : 4. AI기반의 메타버스 환경 패션상품 제작_1차수
2023,방위사업청,데이터 리더십_1차수
2023,방위사업청,나토목록체계_1차수
2023,방위사업청,공공부문 아동학대 예방교육_1차수
2023,방위사업청,공공재정환수법_1차수
2023,방위사업청,공공재정환수법의 이해(2023)_1차수
2023,방위사업청,공직자의 이해충돌방지법의 이해_1차수
2023,방위사업청,국가계약법_1차수
2023,방위사업청,국내 계약관리 사전교육_1차수
2023,방위사업청,국내조달 관리_1차수
2023,방위사업청,국방 인공지능(AI) 적용 현재와 미래_1차수
2023,방위사업청,국방계약 원가관리_1차수
2023,방위사업청,국방과학기술정책/실행계획_1차수
2023,방위사업청,국방과학기술정책과 기획_1차수
2023,방위사업청,국방기획관리_1차수
2023,방위사업청,국방목록업무_1차수
2023,방위사업청,긴급복지지원 신고의무자교육_1차수
2023,방위사업청,기술관리의 이해_1차수
2023,방위사업청,기본원가 이론 및 산정방법_1차수
2023,방위사업청,기록으로 만나는 대한민국 이야기_1차수
2023,방위사업청,기록관리 따라하기(2022년 최신)_1차수
2023,방위사업청,규격관리_1차수
2023,방위사업청,국제운송업무 및 보험_1차수
2023,방위사업청,국제계약절차_1차수
2023,방위사업청,국제계약 표준조건 해설_1차수
2023,방위사업청,국제계약 개요(상업구매)_1차수
2023,방위사업청,"국방표준종합정보시스템(KDSIS,규격)_1차수"
